-- phpMyAdmin SQL Dump
-- version 5.2.2
-- https://www.phpmyadmin.net/
--
-- Host: localhost:3306
-- Generation Time: May 12, 2026 at 08:33 AM
-- Server version: 8.0.44
-- PHP Version: 8.4.20

SET SQL_MODE = "NO_AUTO_VALUE_ON_ZERO";
START TRANSACTION;
SET time_zone = "+00:00";


/*!40101 SET @OLD_CHARACTER_SET_CLIENT=@@CHARACTER_SET_CLIENT */;
/*!40101 SET @OLD_CHARACTER_SET_RESULTS=@@CHARACTER_SET_RESULTS */;
/*!40101 SET @OLD_COLLATION_CONNECTION=@@COLLATION_CONNECTION */;
/*!40101 SET NAMES utf8mb4 */;

--
-- Database: `izzttwzh_diberrysms`
--

-- --------------------------------------------------------

--
-- Table structure for table `active_sessions`
--

CREATE TABLE `active_sessions` (
  `id` int NOT NULL,
  `user_id` varchar(255) CHARACTER SET utf8mb4 COLLATE utf8mb4_unicode_ci NOT NULL,
  `session_id` varchar(255) CHARACTER SET utf8mb4 COLLATE utf8mb4_unicode_ci NOT NULL,
  `login_time` datetime NOT NULL DEFAULT '1970-01-01 01:00:00'
) ENGINE=InnoDB DEFAULT CHARSET=utf8mb4 COLLATE=utf8mb4_unicode_ci;

--
-- Dumping data for table `active_sessions`
--

INSERT INTO `active_sessions` (`id`, `user_id`, `session_id`, `login_time`) VALUES
(56, '8', 'bc553f57-79c7-49b7-887f-28f732116734', '1970-01-01 01:00:00'),
(69, '9', 'cded97b3-8c2d-487d-90dc-9558b5f6b919', '1970-01-01 01:00:00'),
(73, '13', '2ee358e4-0804-4fac-b64e-2cf011e68309', '1970-01-01 01:00:00'),
(74, '14', '7de6a2dd-f98d-4f7b-a771-d8494ba7fc39', '1970-01-01 01:00:00'),
(76, '15', '3524d9c8-db5e-4422-8de7-b221f567e25e', '1970-01-01 01:00:00'),
(83, '16', 'bb9e2252-f973-4fb0-bf1d-712a73e38c51', '1970-01-01 01:00:00'),
(85, '17', 'd2c37333-383c-4eba-9ead-319051bfab92', '1970-01-01 01:00:00'),
(88, '18', 'aa725f8b-026f-4e7b-ad5a-667cc1f6b69f', '1970-01-01 01:00:00'),
(91, '20', '1305cdae-6a0f-4577-a981-e537ebc73817', '1970-01-01 01:00:00'),
(93, '21', '62217c2e-f81e-44fb-abc5-0c4ad7aa48d6', '1970-01-01 01:00:00'),
(96, '23', '52dedbbe-8bc3-468c-8bc2-c3154cad0004', '1970-01-01 01:00:00'),
(98, '24', '743b1363-7500-46b5-b1aa-8c851faeb452', '1970-01-01 01:00:00'),
(100, '25', '163cabb7-4033-410d-a7c5-6f103643ac72', '1970-01-01 01:00:00'),
(102, '26', '28506b75-14c1-4333-a199-482726557e57', '1970-01-01 01:00:00'),
(103, '27', 'f7cb9ed9-4941-4ef0-842d-253f6b78696d', '1970-01-01 01:00:00'),
(108, '28', '7b5e30c2-cd95-4537-b7b5-300a47086605', '1970-01-01 01:00:00'),
(110, '29', '6ae8eae6-1bca-4865-b9aa-7da2685512c9', '1970-01-01 01:00:00'),
(117, '32', '4c1928de-1e12-400e-b4ac-cfabf8d3c6ea', '1970-01-01 01:00:00'),
(118, '33', '3dedc7c9-5d6b-42fb-b2ee-5b0afba2b244', '1970-01-01 01:00:00'),
(119, '34', '5809014c-1446-4505-8945-2924b6c21d74', '1970-01-01 01:00:00'),
(123, '19', 'dcff3cce-1e70-4c9e-b454-f36e6c7eaf40', '1970-01-01 01:00:00'),
(127, '37', '2239f470-7cb5-4fe6-91ab-6e6c2dc14bcb', '1970-01-01 01:00:00'),
(128, '38', '740c5724-5d08-4125-acc9-fa55deb0e44b', '1970-01-01 01:00:00'),
(145, '40', 'aa64fee7-207e-428e-8983-dc15b26d1b26', '1970-01-01 01:00:00'),
(147, '42', '6d5f9de9-85fd-4353-b70f-9e648157ef81', '1970-01-01 01:00:00'),
(153, '39', '8e412506-2746-4548-a725-25a99d3b5821', '1970-01-01 01:00:00'),
(155, '35', 'ca0c3958-5e38-40e2-be3b-c50f442341d7', '1970-01-01 01:00:00'),
(156, '43', '309527fe-6da8-488c-9e7a-13c4b93f5acc', '1970-01-01 01:00:00'),
(160, '22', '937a60e0-1bc8-4d6a-9adf-3b3a299745d0', '1970-01-01 01:00:00'),
(161, '44', 'cfc46b18-4ec7-483e-a203-733eeb3178ae', '1970-01-01 01:00:00'),
(163, '45', '45885b02-d269-4f1a-837d-590dccc063d6', '1970-01-01 01:00:00'),
(164, '31', '1996000b-7cf0-43f6-b121-d35fc712c2ad', '1970-01-01 01:00:00'),
(172, '46', '0a442631-9d08-4cc7-a786-e8f092cd54c7', '1970-01-01 01:00:00'),
(173, '10', 'ea8f776f-7af8-4769-9a3d-2dea9f90551a', '1970-01-01 01:00:00'),
(175, '47', 'de2dc556-10e3-4cfd-b076-145ec81a8ed8', '1970-01-01 01:00:00'),
(177, '48', 'dab5f85e-f7cc-4c78-90a6-2197a2e92928', '1970-01-01 01:00:00'),
(184, '49', 'a921d721-9949-41bc-b714-e25b68cbb81f', '1970-01-01 01:00:00'),
(185, '50', '6a1407a8-a819-4930-b3fa-9886b7ebdc0d', '1970-01-01 01:00:00'),
(189, '52', '8276073e-5961-474c-9c4d-f47294fc5eb8', '1970-01-01 01:00:00'),
(192, '53', 'cc6dac21-9724-470a-835c-3a1f43c15967', '1970-01-01 01:00:00'),
(196, '30', '90945473-86e0-4c14-b31e-732585015cda', '1970-01-01 01:00:00'),
(200, '54', '2ed2d49e-1620-4665-92fc-70dde70d13a0', '1970-01-01 01:00:00'),
(203, '55', '65d9ee36-53da-4374-b14e-da8bfb8537d7', '1970-01-01 01:00:00'),
(215, '57', '0cb024e2-0193-4f60-b3e1-8190fc08dc4e', '1970-01-01 01:00:00'),
(216, '58', 'df3a3b3a-c247-4d00-8360-80bb72a47987', '1970-01-01 01:00:00'),
(217, '59', '69fe58f9-3036-4f6e-bcd5-b86a22f4b6b7', '1970-01-01 01:00:00'),
(218, '60', '32e2d6cf-1c72-49b6-8f55-7e6c0da515d7', '1970-01-01 01:00:00'),
(221, '62', 'dced92e3-dd1a-43cf-b55f-802fc556f9c3', '1970-01-01 01:00:00'),
(224, '64', '86479006-3aff-4136-9b43-25730e7b1489', '1970-01-01 01:00:00'),
(227, '63', 'da12fa96-2aa7-4bd2-9da8-179761b710a3', '1970-01-01 01:00:00'),
(234, '12', '8eac89a5-9a19-4cdf-a62e-e1c45206caa9', '1970-01-01 01:00:00'),
(235, '65', 'f2245e8a-221f-4e6b-8812-b8bf753b16f3', '1970-01-01 01:00:00'),
(238, '66', '22633485-176d-48bd-9d75-8eab917452a8', '1970-01-01 01:00:00'),
(241, '67', '96af8a4c-ada2-4af1-8bd7-68406e535068', '1970-01-01 01:00:00'),
(242, '68', '7458e6bf-abd6-4f0d-ac74-9c4a97e2124f', '1970-01-01 01:00:00'),
(248, '70', '5a1eb7ec-74c0-4a0b-ab6a-5dd4e8739d7c', '1970-01-01 01:00:00'),
(253, '56', '41cc384b-883f-4c7f-bded-ebd2ef861edc', '1970-01-01 01:00:00'),
(256, '71', '2a1cf8be-fc7b-4230-8a97-30f425bd259d', '1970-01-01 01:00:00'),
(257, '72', '5df30d03-a744-4701-9412-bced838683df', '1970-01-01 01:00:00'),
(258, '73', '607abfb9-ea41-4c35-b2ca-25958e438b56', '1970-01-01 01:00:00'),
(259, '74', '0d5361c0-fa0f-47b3-89de-48da7978a5a1', '1970-01-01 01:00:00'),
(261, '75', '993360e0-a84c-40a8-967d-5845aa1a6ab9', '1970-01-01 01:00:00'),
(264, '76', '294cd183-3e0a-4984-b2b6-80847676bbe5', '1970-01-01 01:00:00'),
(268, '77', '9e95a23a-45d8-4fc8-abe4-5aabd5aec4b2', '1970-01-01 01:00:00'),
(269, '78', '033f84d5-85b8-4e4f-a155-13fe8c22c1b1', '1970-01-01 01:00:00'),
(270, '79', '4b6303c2-ac78-4268-9d60-47e1c8d39852', '1970-01-01 01:00:00'),
(271, '80', '76d11b86-6100-479e-81b4-bf7169e06b78', '1970-01-01 01:00:00'),
(273, '36', '7eb41dce-4431-49d4-9186-c3132c93e947', '1970-01-01 01:00:00'),
(275, '82', '3049e345-9d2e-455d-9654-5d3fdd562069', '1970-01-01 01:00:00'),
(280, '85', '9b764560-9b51-48fc-85b1-42efdb4d00b4', '1970-01-01 01:00:00'),
(283, '1', '79b521ca-b0b8-403e-af02-398cfe4cf2d3', '1970-01-01 01:00:00'),
(284, '86', '82d988b9-7e4c-415d-a348-36575a2d5451', '1970-01-01 01:00:00'),
(285, '87', '971643b7-d9eb-4650-a983-cb54b141a627', '1970-01-01 01:00:00'),
(287, '88', 'cd8ed31e-3be9-4d51-ae29-4b7aca7d60ce', '1970-01-01 01:00:00'),
(288, '89', '8abfe8fb-d797-491c-9c7d-36f24660dad4', '1970-01-01 01:00:00'),
(289, '51', 'd1e24cbb-dffb-4952-a8b5-3008f12e7fba', '1970-01-01 01:00:00'),
(293, '90', '1fb2858b-26a9-49f7-8496-112b71fbb9f3', '1970-01-01 01:00:00'),
(294, '91', '7a56552f-c4c5-4ad5-9a92-51fdeee72791', '1970-01-01 01:00:00'),
(295, '92', '1efa6f6d-69a2-41c2-bcfc-f3104ca56b92', '1970-01-01 01:00:00'),
(296, '93', 'b1a17caf-d2fd-4a8e-bf64-22e2412e8f31', '1970-01-01 01:00:00'),
(297, '94', '051de426-0188-44bb-9e52-9287e263dbba', '1970-01-01 01:00:00'),
(298, '95', '2b0f7a05-41c1-45d2-89a4-7ba2591afff9', '1970-01-01 01:00:00'),
(299, '96', '46e4631c-551f-4b9e-a5e0-4f2dac5b745b', '1970-01-01 01:00:00'),
(301, '97', '11f2f564-8902-4a06-9f2d-77ee93cf05f8', '1970-01-01 01:00:00'),
(302, '98', '65468916-aab7-4f28-b6bb-9b08b8be5e3f', '1970-01-01 01:00:00'),
(303, '99', 'd5e7de83-c88e-48b8-a5e1-431e3370bcab', '1970-01-01 01:00:00'),
(304, '100', '5f1781ac-7057-4b5a-aa91-2c9c5698f97b', '1970-01-01 01:00:00'),
(305, '103', '1e0793c0-0941-4f56-bb46-c261da8a215b', '1970-01-01 01:00:00'),
(306, '104', '4499dded-545b-418c-9d2b-fc287dfdd253', '1970-01-01 01:00:00'),
(309, '105', 'ea7f21ec-5eb6-4dde-98b6-08bb250cc3b4', '1970-01-01 01:00:00'),
(310, '107', '6c1a4c4d-d414-4e8d-be2e-8957a2a45308', '1970-01-01 01:00:00'),
(313, '109', '75d2932d-1655-427f-8195-776894ff83e3', '1970-01-01 01:00:00'),
(314, '110', 'b022cdef-59ee-44cb-a545-159abd5f362b', '1970-01-01 01:00:00'),
(315, '111', '7cc5ba6f-f2d8-416b-962e-f7ea4953bc5b', '1970-01-01 01:00:00'),
(316, '112', 'af14b169-8d0b-4b81-a9ee-f5e080ddbaf2', '1970-01-01 01:00:00'),
(317, '113', '29054a24-93d3-4ec9-8c7f-3840e6bef8d8', '1970-01-01 01:00:00'),
(318, '61', '6802b466-7164-4b6e-a7bc-8c9cb40e8200', '1970-01-01 01:00:00'),
(319, '114', 'b74c2a25-7baa-4432-984c-455edb9392d0', '1970-01-01 01:00:00'),
(320, '115', '44f2711b-aa87-4a01-99f9-2a48b7700f87', '1970-01-01 01:00:00'),
(321, '116', '75f684d0-13df-4f5d-a29b-b75c23d42c34', '1970-01-01 01:00:00'),
(322, '118', 'febcd4a6-cfa6-467d-97a8-dd7b3833a15a', '1970-01-01 01:00:00'),
(323, '108', 'f3dd1dc9-ff69-4017-bb09-f5e9be00707d', '1970-01-01 01:00:00'),
(324, '119', '9912b993-fec6-467f-9ffa-945d44134b4e', '1970-01-01 01:00:00'),
(325, '120', '4c63f6da-ba87-4118-928a-37d096f1200d', '1970-01-01 01:00:00'),
(326, '121', 'b390188a-d7cc-46a0-9841-bbba7ad479cd', '1970-01-01 01:00:00'),
(328, '123', 'e940d51a-fcce-4123-9c46-87230956888a', '1970-01-01 01:00:00'),
(329, '124', 'ecaf1882-ff4c-4822-ba9a-a009aa695882', '1970-01-01 01:00:00'),
(330, '125', '06c5d7f5-fe42-4a90-badd-3cec3a65da25', '1970-01-01 01:00:00'),
(332, '126', '25592a2a-6fe8-4efb-9b4f-9b9977bc5d1d', '1970-01-01 01:00:00'),
(334, '127', 'a4024b57-725c-4c98-8245-4ea87a329c51', '1970-01-01 01:00:00'),
(336, '129', 'f0724dc0-5435-42af-8b22-4e4c9ffd8d9b', '1970-01-01 01:00:00'),
(337, '84', '0a5448d6-eb61-4722-938f-4dab7afc511d', '1970-01-01 01:00:00'),
(338, '130', '8f231d7c-958a-4a70-90c4-cc44309b1d86', '1970-01-01 01:00:00'),
(339, '131', '0402624c-2d11-4fb7-9395-97ec263efe55', '1970-01-01 01:00:00'),
(342, '132', '3c14472d-4504-4838-b6b2-c1973ebb39e0', '1970-01-01 01:00:00'),
(343, '133', '554f570f-c254-4037-a34c-effb42ebaa07', '1970-01-01 01:00:00'),
(344, '134', 'b9f6add7-6841-4bc1-b0b8-7147ee85a439', '1970-01-01 01:00:00'),
(345, '135', '875f192d-9152-4743-800a-b36e161d3699', '1970-01-01 01:00:00'),
(346, '136', '23d72589-2a33-4e90-94b0-48df6f10a65d', '1970-01-01 01:00:00'),
(347, '137', '16b02dee-0ae0-4bbb-bdc1-29d0d915d972', '1970-01-01 01:00:00'),
(350, '138', '22ec0375-afb5-43eb-a712-d341709635d1', '1970-01-01 01:00:00'),
(351, '139', 'be3ebcc6-2d09-46c0-b1f3-96f750fbc040', '1970-01-01 01:00:00'),
(352, '140', '1061f6ea-278c-49d7-98db-b0733ea92bdf', '1970-01-01 01:00:00'),
(354, '142', '9d0a6cae-b2a3-487c-9b8b-5035396c7776', '1970-01-01 01:00:00'),
(355, '143', '8c3beb47-18c3-46bd-a642-e813f03430ed', '1970-01-01 01:00:00'),
(356, '144', '04f61734-dbf9-4c2e-993a-626173874ce6', '1970-01-01 01:00:00'),
(357, '145', 'bafdb8d4-4d51-4d96-bd8f-087a32a530f0', '1970-01-01 01:00:00'),
(359, '146', 'e844024d-9c4c-45a1-bbb6-c22dce214b4a', '1970-01-01 01:00:00'),
(361, '148', '81aed796-377f-4220-9c87-21a4e7171cbe', '1970-01-01 01:00:00'),
(362, '149', '56c1147a-bec7-428d-8d58-8e141deff808', '1970-01-01 01:00:00'),
(365, '150', '46238f5e-98bf-4ec2-b06d-f0027c216947', '1970-01-01 01:00:00'),
(366, '151', '019f0f08-11bf-46f9-94b3-3a492650a179', '1970-01-01 01:00:00'),
(367, '152', 'e97ef670-e368-47d4-ab68-60bb4dce438b', '1970-01-01 01:00:00'),
(368, '153', '8f1b0673-c626-4cf5-b9f8-6e2110540f0c', '1970-01-01 01:00:00'),
(371, '155', '77785821-9289-43b0-9e70-a6f025eea290', '1970-01-01 01:00:00'),
(373, '156', '3f944346-0f8b-436f-a26c-bd5758a33001', '1970-01-01 01:00:00'),
(374, '157', '306b905f-b184-4904-8cdb-d917511916df', '1970-01-01 01:00:00'),
(376, '159', '9e89f591-42c7-42d2-919a-48655e3bb44b', '1970-01-01 01:00:00'),
(378, '160', 'b6f073b3-2442-4663-8394-a2919e9a6343', '1970-01-01 01:00:00'),
(379, '147', '6c96e55f-1807-4b64-85ce-ff1023bddd09', '1970-01-01 01:00:00'),
(380, '161', '7332089c-d437-413c-a62c-d59aa5268392', '1970-01-01 01:00:00'),
(383, '163', '280c8409-9f42-4e63-a74c-60b1b569fa44', '1970-01-01 01:00:00'),
(385, '165', '8707daeb-8915-4afd-a249-abb781d744da', '1970-01-01 01:00:00'),
(387, '158', '43851571-2735-46eb-a555-a9dcf4c9c384', '1970-01-01 01:00:00'),
(388, '166', 'f7ac4af0-d492-4ceb-8b38-1410cc4a6c72', '1970-01-01 01:00:00'),
(389, '167', '8c670f9b-6757-43c9-9a94-29b49018d614', '1970-01-01 01:00:00'),
(390, '168', '6d0f429f-ac70-4394-a749-d7586829b7b0', '1970-01-01 01:00:00'),
(391, '169', 'cc016f13-e0c3-47f2-838a-813c3140ea00', '1970-01-01 01:00:00'),
(392, '170', '12edeb2e-c63e-4160-b0f1-a6cf428bc49d', '1970-01-01 01:00:00'),
(393, '172', '82c9038d-aa24-4b32-8581-c613b72a5963', '1970-01-01 01:00:00'),
(394, '173', 'b3b5b67a-2771-4436-9df9-767b875fb129', '1970-01-01 01:00:00'),
(396, '176', 'ed868eac-506f-436e-9ea5-d3892f2db3d1', '1970-01-01 01:00:00'),
(397, '177', 'd0d03192-8dbe-456f-99cd-7357d902f75a', '1970-01-01 01:00:00'),
(398, '178', 'a436a0a8-ee53-430c-8272-303f2607de08', '1970-01-01 01:00:00'),
(399, '179', '6dfae293-6e52-4f92-a45a-64dca3fac18d', '1970-01-01 01:00:00'),
(400, '180', '9ca08762-9de5-4fd2-a8d8-fb14f3c71873', '1970-01-01 01:00:00'),
(401, '181', 'd13bab68-3207-418d-8b1f-f9a3baa377bc', '1970-01-01 01:00:00'),
(402, '182', '37c8248f-5864-422c-9c3f-7fde559b141c', '1970-01-01 01:00:00'),
(403, '183', 'd481a901-a1d9-4ff6-9f20-df9bd1850419', '1970-01-01 01:00:00'),
(404, '184', '0336ba33-2a5f-43b7-af25-c3c026f16198', '1970-01-01 01:00:00'),
(405, '185', 'b3a11e11-437d-4d86-b835-5b222b4575d9', '1970-01-01 01:00:00'),
(406, '186', '7f11a774-33f1-4c02-aea8-057e42d74a90', '1970-01-01 01:00:00'),
(407, '187', 'a190473d-61c1-4d1c-b022-53d041d87053', '1970-01-01 01:00:00'),
(409, '188', 'eac91a2f-1d99-4fab-ba5f-949c9bc5adf6', '1970-01-01 01:00:00'),
(410, '189', '97e48b0b-6ab5-437b-ae73-f561f8d96d50', '1970-01-01 01:00:00'),
(411, '190', 'f0d92a56-f1b3-4f0a-a61b-e63b92d29926', '1970-01-01 01:00:00'),
(412, '191', '12871615-ee91-40ae-9631-bba698a219aa', '1970-01-01 01:00:00'),
(413, '192', '01f5f760-b390-451d-a77d-4244b5ffbb3b', '1970-01-01 01:00:00'),
(414, '193', '95fcf1a7-1a01-4844-9887-78f5aadce8a3', '1970-01-01 01:00:00'),
(415, '194', '2ab888a0-8503-4eb9-a77c-0e3dfc095504', '1970-01-01 01:00:00'),
(416, '195', '17bee1c5-6eb3-4652-90cd-55f9796b9829', '1970-01-01 01:00:00'),
(418, '196', '05b59631-8931-468c-bffb-58f227e76418', '1970-01-01 01:00:00'),
(419, '197', '6f6cf950-8f8a-4067-a653-bd68abe52cb8', '1970-01-01 01:00:00'),
(420, '198', '0976b717-9894-4427-b043-30f33e1dfb13', '1970-01-01 01:00:00'),
(421, '199', 'f675630d-e61f-410b-912a-ebec1d4d6a10', '1970-01-01 01:00:00'),
(422, '200', '43977826-c2b4-4191-ab7e-aa2e4c24ba64', '1970-01-01 01:00:00'),
(423, '201', '07601579-017f-4117-b22e-ffb7ee65f508', '1970-01-01 01:00:00'),
(424, '202', 'd1237bfa-051d-437d-bb60-9808986052be', '1970-01-01 01:00:00'),
(425, '203', '0c447361-0fa2-4dcc-b73a-a95bf7867724', '1970-01-01 01:00:00'),
(426, '204', '2c7079a8-554d-4af4-820a-2988d800599b', '1970-01-01 01:00:00'),
(433, '2', 'd67675a9-3ccf-48d5-9a6d-eab5d9421a9a', '1970-01-01 01:00:00'),
(435, '205', 'bafb21f5-bdb3-4401-b4cc-ae21db2a5ece', '1970-01-01 01:00:00'),
(436, '206', '936e6529-6a3c-4e9e-9ebc-996d55a8d55b', '1970-01-01 01:00:00'),
(438, '208', '928f2355-c149-4092-a7a8-004ebc23600b', '1970-01-01 01:00:00'),
(439, '209', '089eddb1-f760-4968-8677-9cc4251d6eea', '1970-01-01 01:00:00'),
(440, '164', 'e86f6288-41a7-442b-81b4-6510d68466bb', '1970-01-01 01:00:00'),
(442, '122', '0afc8dd1-ff43-4c82-9da2-0adcfd3487fa', '1970-01-01 01:00:00'),
(444, '141', '7c156076-6feb-4da4-9eab-3f90010e12a5', '1970-01-01 01:00:00'),
(447, '211', 'fb38f486-beeb-4fe7-ad3f-8f758c4519ba', '1970-01-01 01:00:00'),
(448, '212', 'f9f25900-d2aa-40d0-8676-693e23c86f71', '1970-01-01 01:00:00'),
(449, '213', 'bf900bf4-6650-4d15-b608-fa9eca018158', '1970-01-01 01:00:00'),
(450, '214', '46115c72-845e-4cd9-ad51-9f9c4161f117', '1970-01-01 01:00:00'),
(451, '215', 'c49be1ca-ba79-4826-ae37-1ad91917a8fc', '1970-01-01 01:00:00'),
(453, '216', '08a18caa-859e-4ac5-9ccc-4740f7d16b27', '1970-01-01 01:00:00'),
(454, '217', 'fa6f6670-1c5a-4fe4-aa42-c8796dded127', '1970-01-01 01:00:00'),
(455, '218', 'c043e506-0f48-46a4-ba4e-efcadb5db45e', '1970-01-01 01:00:00'),
(456, '219', 'ce94a7be-b379-4f8c-97fd-9c013191d3cc', '1970-01-01 01:00:00'),
(457, '220', '4265ef82-7faa-4bd6-8a4e-fc6c573beb0d', '1970-01-01 01:00:00'),
(458, '221', '18dd4bf5-09c5-4557-a5e6-2bcab45625ad', '1970-01-01 01:00:00'),
(459, '222', '5dbe6f46-23b7-4da7-a15e-4f0967fe9af3', '1970-01-01 01:00:00'),
(460, '223', '3f00472a-4742-46e5-8977-95d2ad632326', '1970-01-01 01:00:00'),
(461, '224', 'b0e0f578-d875-4efb-8e8c-441bf069818a', '1970-01-01 01:00:00'),
(462, '225', '5f6a02bd-13ca-42c5-b9cc-5df7ccef008c', '1970-01-01 01:00:00'),
(464, '226', 'f1717ed2-e970-46d4-bd81-9ae8a9f4a365', '1970-01-01 01:00:00'),
(465, '227', 'f4f1650c-87b4-4432-b57f-ee999cba9138', '1970-01-01 01:00:00'),
(466, '228', 'e200f034-9201-4d64-a0de-f893ca1fdb1a', '1970-01-01 01:00:00'),
(467, '229', 'e5fc3657-b570-41c1-85cc-34eba2edf4c3', '1970-01-01 01:00:00'),
(468, '230', 'cfc5696b-d66b-4eff-8cd8-d5a25f7fbce0', '1970-01-01 01:00:00'),
(469, '231', '2f0135f2-559a-4ada-865e-cfc8f1b83c0c', '1970-01-01 01:00:00'),
(470, '232', '7bf11bd3-6d8d-4e77-b12f-9d4daf4198bd', '1970-01-01 01:00:00'),
(471, '233', 'd6b96c77-7a5c-4d15-953c-ee81964d355a', '1970-01-01 01:00:00'),
(472, '234', '9b0d60f3-4139-4573-be36-6411095bd2b0', '1970-01-01 01:00:00'),
(473, '235', 'c5de1c6b-e92a-4faf-a783-9078bbf1dffd', '1970-01-01 01:00:00'),
(475, '237', '96d017a9-c8b4-44bc-b110-4d981f6de21d', '1970-01-01 01:00:00'),
(477, '238', '023962e7-a476-40de-8e55-e9463bac19ab', '1970-01-01 01:00:00'),
(478, '239', '59faa239-8a76-4e32-8bdc-3982cc59e2a6', '1970-01-01 01:00:00'),
(479, '240', '7f870384-9c88-45a5-a05f-0a967a444b47', '1970-01-01 01:00:00'),
(480, '241', '02c2e532-2ed0-4ec0-895e-8c4d8d0f2b5a', '1970-01-01 01:00:00'),
(481, '242', '200b8fc2-df22-4c97-a766-b605a5209e89', '1970-01-01 01:00:00'),
(483, '244', '5d2ee4cd-02fb-4964-a719-84bd7c9ac611', '1970-01-01 01:00:00'),
(484, '243', 'edd5d1d5-36d7-4825-8c24-5aea007bc32f', '1970-01-01 01:00:00'),
(485, '245', 'b023cf7e-fb72-49d5-b0f8-4f44cdef6fac', '1970-01-01 01:00:00'),
(487, '246', 'f152d5a4-5f6c-49c9-8889-7edf51152426', '1970-01-01 01:00:00'),
(488, '247', 'b4815e2b-ede2-451a-9c67-6f5ac97210ad', '1970-01-01 01:00:00'),
(489, '248', 'dde3207a-63b2-4aed-9ba4-c8f99eabe9af', '1970-01-01 01:00:00'),
(490, '210', '211d982d-88eb-4710-8206-f3028fdce345', '1970-01-01 01:00:00'),
(491, '249', '72fffbaa-8c32-421d-8d20-f27f5f51acc3', '1970-01-01 01:00:00'),
(492, '250', '58f60e61-043f-45f2-9045-de406b7bb786', '1970-01-01 01:00:00'),
(493, '253', 'e67daf26-e460-41af-af3b-e5ff64f83975', '1970-01-01 01:00:00'),
(495, '255', 'fb603e1b-90d0-47e0-90fa-9fd6a80efb5b', '1970-01-01 01:00:00'),
(496, '256', '2d0d104b-be55-4fe4-9d76-e75c6e8873dd', '1970-01-01 01:00:00'),
(498, '258', 'a396efa4-a690-458d-84f8-46853c6f80cb', '1970-01-01 01:00:00'),
(500, '259', '5fd5f2a5-91c2-46a2-8166-6f90728f327f', '1970-01-01 01:00:00'),
(501, '260', 'bcb5d513-d474-4819-a347-0e2d2c9b8ebb', '1970-01-01 01:00:00'),
(502, '261', '1ef6be85-99b0-4dc5-bde5-03c2a325932a', '1970-01-01 01:00:00'),
(503, '262', '35aba66f-1bf0-4440-96ca-60b02b5ddcfe', '1970-01-01 01:00:00'),
(505, '263', 'c0d785e8-428f-435d-ac58-e488d6f63d6e', '1970-01-01 01:00:00'),
(506, '264', '6a5129e6-3620-4b02-9a2a-4969215f517c', '1970-01-01 01:00:00'),
(511, '266', '9d75de2c-67cd-469f-81fa-1b4d512d802c', '1970-01-01 01:00:00'),
(512, '267', 'ae2f809a-f583-4cdb-b6c8-4c67ecc99206', '1970-01-01 01:00:00'),
(513, '268', '6a68475b-ad1d-43d3-805e-9a99e9546932', '1970-01-01 01:00:00'),
(514, '269', '88072145-b23e-49c7-b7f7-37cb9a779531', '1970-01-01 01:00:00'),
(515, '270', 'b5c2e0e0-1a55-4196-9c2f-e9284fabefbb', '1970-01-01 01:00:00'),
(520, '271', 'c831aa08-8625-487a-ab8f-a2111bae6abe', '1970-01-01 01:00:00'),
(521, '272', '1d91d037-18ef-42b1-b34b-07ceb0bd867a', '1970-01-01 01:00:00'),
(522, '273', '6fc7b7f5-2822-4183-9c49-3bccdcb7e32c', '1970-01-01 01:00:00'),
(525, '275', '7b235e01-76a1-447b-bf25-9f789a777b34', '1970-01-01 01:00:00'),
(527, '276', 'd453f272-0176-4786-acfd-6190898ce01c', '1970-01-01 01:00:00'),
(528, '277', '8be7dbef-eafd-4c24-b8d0-1734b13d2df1', '1970-01-01 01:00:00'),
(529, '278', '33d6cd01-27a6-4fc3-9d88-f7f219b4c33d', '1970-01-01 01:00:00'),
(530, '279', '0497fcfa-e7e7-4a9d-a0e3-27fe9323482d', '1970-01-01 01:00:00'),
(532, '280', '78aebf73-8e3e-4ca6-a9a7-4581ff71bc68', '1970-01-01 01:00:00'),
(533, '281', 'ecaff461-dff3-49b2-bff1-b2d85dbd33d0', '1970-01-01 01:00:00'),
(534, '282', 'e888e783-608b-49b7-a9a8-5b7d5cfcf0eb', '1970-01-01 01:00:00'),
(535, '283', 'e13268eb-4e6b-4952-8de7-c8e0db4991a4', '1970-01-01 01:00:00'),
(536, '284', '4e759449-e0b9-45b8-94b6-1cfb5cdd5737', '1970-01-01 01:00:00'),
(537, '285', '6317620a-231e-4a66-b1f9-a503b7706cef', '1970-01-01 01:00:00'),
(538, '286', '4b0bd104-5700-4964-a01c-c9e69084b73e', '1970-01-01 01:00:00'),
(540, '288', 'd36c6f01-f9b3-4364-a6c4-d171cce2f78c', '1970-01-01 01:00:00'),
(542, '290', '53e7ed7f-a1a3-4d04-a9dd-4a9d9091e05a', '1970-01-01 01:00:00'),
(543, '291', '0013658f-5da5-4615-9c55-647d31916f83', '1970-01-01 01:00:00'),
(544, '128', '35a6e3c7-6ce4-4b13-9bfa-b2d0ed9052c7', '1970-01-01 01:00:00'),
(545, '292', 'e94b732c-aa2b-48c4-99ea-597e68976d4d', '1970-01-01 01:00:00'),
(546, '287', '5ac95f17-be5c-44a0-a9e0-cd3da591ff45', '1970-01-01 01:00:00'),
(547, '293', 'ea46179e-3ec4-45e3-97e0-2d96df3307ff', '1970-01-01 01:00:00'),
(548, '294', '234508e9-d490-4738-948c-f048980e27f0', '1970-01-01 01:00:00'),
(549, '295', '7d83ba16-56c7-446b-846e-5a4be303fcc4', '1970-01-01 01:00:00'),
(550, '296', 'a894a0e0-67c7-4318-9b01-6bdd8d1f8522', '1970-01-01 01:00:00'),
(551, '297', '708e236b-8f90-4d3e-baab-fc632c3aeabd', '1970-01-01 01:00:00'),
(552, '298', 'cb9a7231-064c-4043-b79c-def01f16dbc8', '1970-01-01 01:00:00'),
(553, '299', '9d025d14-95ea-4e2b-9db5-34f56c89642a', '1970-01-01 01:00:00'),
(554, '300', 'edd6d45c-afec-4f83-a59e-6655c72f347a', '1970-01-01 01:00:00'),
(557, '301', 'c62e5a6e-a541-4ebf-a21e-828cc517f5e7', '1970-01-01 01:00:00'),
(558, '254', 'af0d2f6e-18c0-4223-b4ff-ff3d2c17960e', '1970-01-01 01:00:00'),
(559, '302', '3771f44c-0f61-48ac-9691-5a75cd433ff0', '1970-01-01 01:00:00'),
(560, '303', '3ddca632-6ebe-4086-a59d-f292d3c47061', '1970-01-01 01:00:00'),
(561, '304', '16cadc8d-830c-4a23-afa6-59c35d0869a9', '1970-01-01 01:00:00'),
(562, '305', '25c077e1-8392-4d1c-a8be-f0290d877ec1', '1970-01-01 01:00:00'),
(564, '306', 'e1b87c38-4985-411f-9eab-448c501b879b', '1970-01-01 01:00:00'),
(565, '7', '2888091c-70b5-498d-a01f-efb0391a7f28', '1970-01-01 01:00:00'),
(566, '307', '900aad38-e7db-48df-87c4-a785fda6ccc0', '1970-01-01 01:00:00'),
(567, '308', '90710e67-da87-40e5-b3af-2cca5bf1c9d1', '1970-01-01 01:00:00'),
(568, '309', '35330a83-9332-49c4-8e6b-77a2016f9764', '1970-01-01 01:00:00'),
(569, '310', '725c28cb-3a28-4647-a027-359cd930c452', '1970-01-01 01:00:00'),
(570, '311', 'cee3e44f-0c8e-4808-b364-ba1de19422ff', '1970-01-01 01:00:00'),
(571, '312', '49c44b6d-550b-4d86-bd78-b3ca62c16c8a', '1970-01-01 01:00:00'),
(572, '313', '5bd27de3-bdd6-4145-986e-d27e10c2d743', '1970-01-01 01:00:00'),
(573, '314', 'db7bb94a-e1cc-4731-9bce-19662d375ae0', '1970-01-01 01:00:00'),
(574, '315', 'dd470527-f44c-4942-8538-82739628b1ea', '1970-01-01 01:00:00'),
(576, '317', 'f0fd5f33-f9a9-4a89-9c7a-babb9980d6e0', '1970-01-01 01:00:00'),
(577, '318', 'b838b30c-d887-40db-9258-f6d28835f1cc', '1970-01-01 01:00:00'),
(579, '319', '3fb2a9ae-66bf-41bb-a9c7-363b6b989f48', '1970-01-01 01:00:00'),
(580, '320', '38d6e44c-c7c0-4997-b897-96a2e6171754', '1970-01-01 01:00:00'),
(581, '321', '182c4271-02f3-4c51-bdb1-97961640b1c4', '1970-01-01 01:00:00'),
(582, '322', '4231e4db-7cae-4487-b820-1d4deede6814', '1970-01-01 01:00:00'),
(583, '323', 'f32a606e-2c8a-40e6-907f-d95cfc8803ad', '1970-01-01 01:00:00'),
(587, '325', 'af2931d3-2dec-4d1c-a59a-a6bf03121f37', '1970-01-01 01:00:00'),
(588, '326', 'b8b8bc63-6a63-4b94-9e0e-ee9da9e6a348', '1970-01-01 01:00:00'),
(589, '327', '135b0452-bd11-4bd1-b5ab-10ddf350d32f', '1970-01-01 01:00:00'),
(590, '328', 'eceea1d8-cf6e-473e-a146-2502ccd59f76', '1970-01-01 01:00:00'),
(592, '329', '87672d0c-1487-47dc-9fe5-fd63ef4fdb59', '1970-01-01 01:00:00'),
(593, '330', '5a184baa-30da-4800-9656-71b36fffbcf7', '1970-01-01 01:00:00'),
(595, '331', '3e1d7dbc-ced9-4ade-9fce-c146a41e9926', '1970-01-01 01:00:00'),
(596, '332', 'c01b8120-846a-4d2f-b514-6784a18c8262', '1970-01-01 01:00:00'),
(597, '333', 'fbac06af-6aa2-4cfc-b7a1-8086312f1c79', '1970-01-01 01:00:00'),
(598, '334', '63011e7f-fb26-4dd2-ab3a-92f366140e03', '1970-01-01 01:00:00'),
(599, '335', '9ee12f8f-d037-4c4d-9714-8d4b3c04bdac', '1970-01-01 01:00:00'),
(600, '336', 'ca52b68d-2146-482c-8335-97ee42d8d2be', '1970-01-01 01:00:00'),
(601, '337', 'a8e32a18-58b1-462a-8413-82d0124c4bac', '1970-01-01 01:00:00'),
(602, '338', '25de6fbe-f3ee-4582-afec-152e8f3ed7bd', '1970-01-01 01:00:00'),
(603, '339', '19c01f03-e574-4f7f-aa4c-4c2e7b2ce278', '1970-01-01 01:00:00'),
(604, '340', '578cdd9f-e5e3-45e6-8f4b-17550d8ccdfb', '1970-01-01 01:00:00'),
(605, '341', 'f5c4cb96-c522-480e-8ec3-2502f48b365d', '1970-01-01 01:00:00'),
(607, '343', 'a7384d80-2177-4a15-af06-469f391d81e9', '1970-01-01 01:00:00'),
(610, '344', 'ae67a2cf-0378-4662-86b4-69f14e14a3b5', '1970-01-01 01:00:00'),
(613, '345', 'ea023bde-32a8-4201-b104-e13f0e51c956', '1970-01-01 01:00:00'),
(615, '346', '9168132e-a1ea-4860-bdf3-d9f0b36f2ead', '1970-01-01 01:00:00'),
(616, '347', 'e3bb1a1a-a006-482d-88ca-cb56b81877f6', '1970-01-01 01:00:00'),
(618, '348', 'af170b05-8705-4589-bbd7-844010d3449e', '1970-01-01 01:00:00'),
(622, '349', 'b83fbac3-dcf8-4e46-ae27-f3dadb551b84', '1970-01-01 01:00:00'),
(624, '351', '08c6eac6-1fab-47c3-a2d1-c7e3e6e8a11a', '1970-01-01 01:00:00'),
(627, '342', 'b9b342b0-cfeb-4056-99b4-7d8b7bcda683', '1970-01-01 01:00:00'),
(629, '352', '4e469808-485a-4df7-b701-822445b9b3ee', '1970-01-01 01:00:00'),
(631, '353', '55a6dcd7-6786-43c9-a89b-955b0cba4d64', '1970-01-01 01:00:00'),
(632, '354', 'dab2b8bb-7bbc-4aad-8906-d578a8a51dac', '1970-01-01 01:00:00'),
(633, '355', '884eeb06-f806-4186-a32b-fdbd5630cdef', '1970-01-01 01:00:00'),
(634, '356', 'a87d7248-0a4a-4399-8466-769de77e4070', '1970-01-01 01:00:00'),
(635, '357', '051ce34b-b8f1-4922-b1b0-983b105a27b4', '1970-01-01 01:00:00'),
(636, '358', '29bdeffd-a79f-427f-bd99-02bd7d1e6570', '1970-01-01 01:00:00'),
(637, '359', '62a888bc-7b7b-4a1d-b320-44ff34cbef82', '1970-01-01 01:00:00'),
(638, '360', 'f12f0841-2976-48e2-ab04-023465162bb8', '1970-01-01 01:00:00'),
(639, '361', '367ef185-60be-4a50-9bbe-4d06720d6688', '1970-01-01 01:00:00'),
(640, '362', 'd5d12746-20a8-4ef5-b081-c8b99a625611', '1970-01-01 01:00:00'),
(641, '363', '6c380839-caac-43a6-9369-34325cc365e2', '1970-01-01 01:00:00'),
(644, '365', 'a7f2d96a-2089-4843-81f6-b766fa4dcf40', '1970-01-01 01:00:00'),
(645, '366', 'c70ed27b-9285-4fe0-a0de-ad28ba92abc5', '1970-01-01 01:00:00'),
(646, '367', '0ae42de8-7923-4b83-889d-c5c99cee0a14', '1970-01-01 01:00:00'),
(647, '368', '73e14966-f25e-4f71-9f53-ccc85303591c', '1970-01-01 01:00:00'),
(649, '369', 'bd4d5b82-a85d-4c37-91fe-d9d3bda7152c', '1970-01-01 01:00:00'),
(650, '370', '6410b248-586d-489e-943b-2def57cdb01a', '1970-01-01 01:00:00'),
(653, '372', '4b3190bd-2832-4aba-9c3a-245997a0bd53', '1970-01-01 01:00:00'),
(655, '373', '4ce82a4b-c424-4e06-9d92-557e9901abf4', '1970-01-01 01:00:00'),
(656, '374', 'e06f0977-f64a-4abe-9e30-0b53d58022ed', '1970-01-01 01:00:00'),
(657, '324', 'f17b2489-4d14-44e0-9087-e890414d9ab5', '1970-01-01 01:00:00'),
(658, '375', '14c08256-cc45-4fea-8815-13b747f2e827', '1970-01-01 01:00:00'),
(659, '376', 'a2644674-b9dd-4e62-be0d-d6348e487c56', '1970-01-01 01:00:00'),
(660, '377', '744c12d5-4687-413a-81cf-6eec2bb8c1a2', '1970-01-01 01:00:00'),
(661, '154', '4e765d7f-bfae-40ea-bb5e-a34caec51981', '1970-01-01 01:00:00'),
(662, '378', '4d475f0c-7b11-405a-8d13-802cdc67558a', '1970-01-01 01:00:00'),
(663, '379', 'a0a43b89-c0d9-41ce-9b52-2384a6d0551e', '1970-01-01 01:00:00'),
(664, '380', '5eaf4725-d3ee-4ddd-931c-ad778aa6c4be', '1970-01-01 01:00:00'),
(665, '381', '89996cf7-b1a1-4f7f-ac0d-e30ea934996b', '1970-01-01 01:00:00'),
(666, '382', 'b8193679-b319-44c9-b7f5-c6fdc2e7a50b', '1970-01-01 01:00:00'),
(667, '383', '0c9cb460-1c1e-4719-85c8-0968502dea8b', '1970-01-01 01:00:00'),
(668, '384', '4e8aaef1-ce07-4f6b-8cba-3f7234642f36', '1970-01-01 01:00:00'),
(669, '289', '302d1f7a-c784-4241-a0e8-5c8918140f04', '1970-01-01 01:00:00'),
(670, '385', '4b994d91-ee73-4b7a-a86d-18bb24e146ce', '1970-01-01 01:00:00'),
(671, '386', '4418f939-08a2-4c10-985b-44b1d4feac04', '1970-01-01 01:00:00'),
(672, '387', '55e9f2d2-cbc9-47ca-9877-86d304dc610e', '1970-01-01 01:00:00'),
(673, '388', 'a07f159d-8666-46bc-9ee7-262f9cd721e9', '1970-01-01 01:00:00'),
(676, '390', '2e766f00-2e76-4540-8cbd-73ab64d1b09d', '1970-01-01 01:00:00'),
(677, '391', '0b986457-1d60-47f9-8d74-cd2b0b54906f', '1970-01-01 01:00:00'),
(678, '316', '4ceb37cb-da4d-411a-b785-fc5aec050a2a', '1970-01-01 01:00:00'),
(679, '392', 'ebf87d14-acb4-4096-801d-afb70802f9f8', '1970-01-01 01:00:00'),
(680, '393', 'ec70d15f-e93b-4000-a95b-8d92a4988d2e', '1970-01-01 01:00:00'),
(681, '394', '5f1cffa2-f451-4d32-af43-5e013c2c35c2', '1970-01-01 01:00:00'),
(682, '395', '53fb7580-b162-4ed6-83ca-95bc8a6906cd', '1970-01-01 01:00:00'),
(683, '396', '16091919-ac5f-4679-9b28-0e4c6f69645d', '1970-01-01 01:00:00'),
(684, '397', 'e7df5e94-c522-4464-8cec-b86e143b915a', '1970-01-01 01:00:00'),
(685, '398', 'ae92e8e7-c1fe-4c73-901d-789261a59c4b', '1970-01-01 01:00:00'),
(686, '371', '38ca473d-e93f-4864-86a3-e391516fc18b', '1970-01-01 01:00:00'),
(687, '399', '2af9ca4c-3b4b-4d3b-910f-53101a9e2bd1', '1970-01-01 01:00:00'),
(688, '400', '6212674f-714b-41f2-b291-7faf0900777d', '1970-01-01 01:00:00'),
(689, '401', '2a45dd60-f97c-461b-bb59-6117dc60a130', '1970-01-01 01:00:00'),
(691, '364', '50b4c9ff-afa8-4894-b37f-b94198ea4590', '1970-01-01 01:00:00'),
(692, '402', '9be9869c-1494-4282-bcf6-e950d2f725f8', '1970-01-01 01:00:00'),
(693, '403', '80b9871b-daee-48d2-904c-700563295c3e', '1970-01-01 01:00:00'),
(694, '404', '8f7034a1-67eb-4c1b-b93c-73bc91c770d7', '1970-01-01 01:00:00'),
(695, '405', '549405dc-f866-40d3-9d44-5b1f676a9e22', '1970-01-01 01:00:00'),
(699, '408', 'd3d451a2-3dcf-4ad9-bb32-1e8e267b31e1', '1970-01-01 01:00:00'),
(700, '409', '21310890-6601-41f5-a667-71d9c1d136dc', '1970-01-01 01:00:00');

-- --------------------------------------------------------

--
-- Table structure for table `admin`
--

CREATE TABLE `admin` (
  `id` int NOT NULL,
  `username` varchar(50) CHARACTER SET utf8mb4 COLLATE utf8mb4_unicode_ci NOT NULL,
  `email` varchar(50) CHARACTER SET utf8mb4 COLLATE utf8mb4_unicode_ci NOT NULL,
  `password` varchar(255) CHARACTER SET utf8mb4 COLLATE utf8mb4_unicode_ci NOT NULL,
  `admin_type` varchar(255) CHARACTER SET utf8mb4 COLLATE utf8mb4_unicode_ci NOT NULL
) ENGINE=InnoDB DEFAULT CHARSET=utf8mb4 COLLATE=utf8mb4_unicode_ci;

--
-- Dumping data for table `admin`
--

INSERT INTO `admin` (`id`, `username`, `email`, `password`, `admin_type`) VALUES
(1, 'super_admin', 'super_admin', '$2b$12$3xQUhnWVgZmEn/5pI53uy.s6KzvQ.xwkMWz8hQ5Xv28DCpVUCuPvO', 'admin'),
(2, 'Diberrysms.com', 'Diberrysms.com@diberrysms.com', '$2b$12$f5oWAXU.a5mkZxXLG7k2gusoSK1ATr4niDBAvRO3DgeYcfkBfTPwq', 'admin');

-- --------------------------------------------------------

--
-- Table structure for table `admin_tokens`
--

CREATE TABLE `admin_tokens` (
  `id` int NOT NULL,
  `token` varchar(255) CHARACTER SET utf8mb4 COLLATE utf8mb4_unicode_ci NOT NULL,
  `expiry` datetime NOT NULL,
  `admin_id` int NOT NULL
) ENGINE=InnoDB DEFAULT CHARSET=utf8mb4 COLLATE=utf8mb4_unicode_ci;

-- --------------------------------------------------------

--
-- Table structure for table `history`
--

CREATE TABLE `history` (
  `id` int NOT NULL,
  `date` datetime DEFAULT NULL,
  `service` varchar(255) CHARACTER SET utf8mb4 COLLATE utf8mb4_unicode_ci DEFAULT NULL,
  `country` varchar(255) CHARACTER SET utf8mb4 COLLATE utf8mb4_unicode_ci DEFAULT NULL,
  `price` decimal(10,2) DEFAULT NULL,
  `Number` varchar(255) CHARACTER SET utf8mb4 COLLATE utf8mb4_unicode_ci DEFAULT NULL,
  `code` text CHARACTER SET utf8mb4 COLLATE utf8mb4_unicode_ci,
  `status` varchar(50) CHARACTER SET utf8mb4 COLLATE utf8mb4_unicode_ci DEFAULT NULL,
  `user_id` int DEFAULT NULL,
  `activation_id` varchar(50) CHARACTER SET utf8mb4 COLLATE utf8mb4_unicode_ci DEFAULT NULL,
  `expiration_time` datetime DEFAULT NULL,
  `duration` int DEFAULT NULL,
  `source` varchar(50) CHARACTER SET utf8mb4 COLLATE utf8mb4_unicode_ci DEFAULT NULL,
  `check_status` varchar(20) CHARACTER SET utf8mb4 COLLATE utf8mb4_unicode_ci DEFAULT NULL,
  `repeatable` tinyint DEFAULT NULL
) ENGINE=InnoDB DEFAULT CHARSET=utf8mb4 COLLATE=utf8mb4_unicode_ci;

--
-- Dumping data for table `history`
--

INSERT INTO `history` (`id`, `date`, `service`, `country`, `price`, `Number`, `code`, `status`, `user_id`, `activation_id`, `expiration_time`, `duration`, `source`, `check_status`, `repeatable`) VALUES
(1, '2025-03-19 01:29:57', 'Whatsapp', 'United States', 2485.00, '+14302477304', NULL, 'Canceled', 36, '13760', '2025-03-19 01:36:57', 7, 'Alpha', NULL, 1),
(2, '2025-03-19 01:31:46', 'Whatsapp', 'United States', 2662.00, '+16062263009', '[\"[\", \"\\\"\", \"2\", \"2\", \"9\", \"-\", \"4\", \"4\", \"2\", \"\\\"\", \"]\"]', 'Received', 36, '13761', '2025-03-19 01:38:46', 7, 'Alpha', NULL, 1),
(3, '2025-03-19 03:37:52', 'Signal', 'United States', 1812.40, '+16062267528', NULL, 'Canceled', 36, '13762', '2025-03-19 03:44:52', 7, 'Alpha', NULL, 0),
(4, '2025-03-19 03:38:00', 'Signal', 'United States', 1812.40, '+16062536057', '[\"[\", \"\\\"\", \"2\", \"4\", \"3\", \"9\", \"2\", \"7\", \"\\\"\", \"]\"]', 'Finished', 36, '13763', '2025-03-19 03:45:00', 7, 'Alpha', NULL, 0),
(5, '2025-03-19 14:04:06', 'Whatsapp', 'United States', 5985.00, '+17153090816', '[\"n\", \"u\", \"l\", \"l\"]', 'Timeout', 35, '13767', '2025-03-19 14:11:06', 7, 'Alpha', NULL, 1);

-- --------------------------------------------------------

--
-- Table structure for table `site_settings`
--

CREATE TABLE `site_settings` (
  `id` int NOT NULL,
  `current_profit` varchar(1024) CHARACTER SET utf8mb4 COLLATE utf8mb4_unicode_ci DEFAULT NULL,
  `vpay_access_token` varchar(1024) CHARACTER SET utf8mb4 COLLATE utf8mb4_unicode_ci DEFAULT NULL,
  `vpay_merchant_email` varchar(1024) CHARACTER SET utf8mb4 COLLATE utf8mb4_unicode_ci DEFAULT NULL,
  `vpay_merchant_password` varchar(1024) CHARACTER SET utf8mb4 COLLATE utf8mb4_unicode_ci DEFAULT NULL,
  `korapay_secret_key` varchar(1024) CHARACTER SET utf8mb4 COLLATE utf8mb4_unicode_ci DEFAULT NULL,
  `manual_payment_account` varchar(250) CHARACTER SET utf8mb4 COLLATE utf8mb4_unicode_ci DEFAULT NULL,
  `manual_payment_account_name` varchar(250) CHARACTER SET utf8mb4 COLLATE utf8mb4_unicode_ci DEFAULT NULL,
  `manual_payment_bank` varchar(250) CHARACTER SET utf8mb4 COLLATE utf8mb4_unicode_ci DEFAULT NULL,
  `manual_payment` tinyint DEFAULT NULL,
  `vpay` tinyint DEFAULT NULL,
  `korapay` tinyint DEFAULT NULL,
  `api_key` varchar(255) CHARACTER SET utf8mb4 COLLATE utf8mb4_unicode_ci NOT NULL,
  `vpay_public_key` varchar(225) CHARACTER SET utf8mb4 COLLATE utf8mb4_unicode_ci DEFAULT NULL,
  `korapay_public_key` varchar(225) CHARACTER SET utf8mb4 COLLATE utf8mb4_unicode_ci DEFAULT NULL
) ENGINE=InnoDB DEFAULT CHARSET=utf8mb4 COLLATE=utf8mb4_unicode_ci;

--
-- Dumping data for table `site_settings`
--

INSERT INTO `site_settings` (`id`, `current_profit`, `vpay_access_token`, `vpay_merchant_email`, `vpay_merchant_password`, `korapay_secret_key`, `manual_payment_account`, `manual_payment_account_name`, `manual_payment_bank`, `manual_payment`, `vpay`, `korapay`, `api_key`, `vpay_public_key`, `korapay_public_key`) VALUES
(1, '2500', NULL, NULL, NULL, NULL, '6112566110', 'Divine dinakachukwu', 'Opay', 1, 0, NULL, 'Ru9_mFcjmzH3jbeUPsdHFXqBnOGpjnJ6MjrrONjA', NULL, NULL);

-- --------------------------------------------------------

--
-- Table structure for table `transactions`
--

CREATE TABLE `transactions` (
  `transaction_id` varchar(255) CHARACTER SET utf8mb4 COLLATE utf8mb4_unicode_ci NOT NULL,
  `date` datetime DEFAULT NULL,
  `amount` decimal(10,2) DEFAULT NULL,
  `user_id` int DEFAULT NULL,
  `status` varchar(50) CHARACTER SET utf8mb4 COLLATE utf8mb4_unicode_ci DEFAULT NULL,
  `type` varchar(255) CHARACTER SET utf8mb4 COLLATE utf8mb4_unicode_ci DEFAULT NULL,
  `image` varchar(255) CHARACTER SET utf8mb4 COLLATE utf8mb4_unicode_ci DEFAULT NULL,
  `reason` text CHARACTER SET utf8mb4 COLLATE utf8mb4_unicode_ci,
  `sender_name` varchar(255) CHARACTER SET utf8mb4 COLLATE utf8mb4_unicode_ci DEFAULT NULL,
  `processor` varchar(250) CHARACTER SET utf8mb4 COLLATE utf8mb4_unicode_ci DEFAULT NULL
) ENGINE=InnoDB DEFAULT CHARSET=utf8mb4 COLLATE=utf8mb4_unicode_ci;

--
-- Dumping data for table `transactions`
--

INSERT INTO `transactions` (`transaction_id`, `date`, `amount`, `user_id`, `status`, `type`, `image`, `reason`, `sender_name`, `processor`) VALUES
('verif_12721906', '2025-05-12 19:00:53', 1800.00, 36, 'Finished', 'manual', '319d0d0f-93e2-425b-b122-3e289ad26852.png', NULL, 'bello olakunle', NULL),
('verif_16376812', '2025-03-12 11:55:46', 100.00, 7, 'Failed', 'manual', '00e9e42e-8cea-4e93-8862-c68fe13f3b5a.jpg', '', 'jhgfdsz', NULL),
('verif_17460830', '2025-03-12 12:10:15', 100.00, 7, 'Failed', 'manual', 'e96fcfd9-e5d2-4df0-bf64-a0a4bd9222ab.jpg', 'Duplicate Sender\'s Name', 'fioipo[p][\\]', NULL),
('verif_21096366', '2025-12-27 16:24:54', 3300.00, 271, 'Pending', 'manual', 'b2a4d617-5cf0-4790-bc07-d13c7d260099.jpg', NULL, 'Ndubuisi ibik', NULL),
('verif_25310743', '2026-03-02 03:38:22', 10.00, 380, 'Pending', 'manual', '456f660a-6b9f-462f-b5d5-09a983276ed5.jpg', NULL, 'Debbra', NULL),
('verif_26067668', '2025-03-10 12:36:05', 1000.00, 7, 'Failed', 'manual', '7a6aeeca-49fa-4a2d-a9ef-1569c149bf62.png', '', 'Divine', NULL),
('verif_28374103', '2025-03-12 12:07:35', 100.00, 7, 'Failed', 'manual', '3986c406-3d9e-4231-afdd-afd1f8ff745d.jpg', 'Duplicate Sender\'s Name', 'jhgfdsz', NULL),
('verif_29271564', '2025-03-12 11:56:36', 100.00, 7, 'Failed', 'manual', '5e9475ee-2c34-4196-a245-e0a7b1cb7f52.jpg', '', 'jhgfdsz', NULL),
('verif_35970845', '2026-02-10 22:24:53', 3365.50, 324, 'Pending', 'manual', 'ac379bf8-891b-4e19-8b62-579ac7ecd397.jpeg', NULL, 'MARWAN GAMAL EID EMA', NULL),
('verif_37594985', '2025-03-19 13:29:35', 10800.00, 35, 'Finished', 'manual', 'b1e58e11-bbf0-4948-b017-a0247d2bcb98.png', NULL, 'Peace Nelson ', NULL),
('verif_37801423', '2025-04-24 01:56:22', 16900.00, 63, 'Failed', 'manual', 'cb6ae04a-3ca7-4580-b710-ed9c13320704.jpg', 'Refunded', 'Sunny prince Adomale ', NULL),
('verif_40042744', '2025-03-12 12:22:42', 100.00, 7, 'Failed', 'manual', 'a30cc398-cc86-4bcc-b3ce-30fad47211c1.jpg', 'Duplicate Sender\'s Name', 'fioipo[p][\\]', NULL),
('verif_50507832', '2025-03-12 11:18:43', 100.00, 7, 'Finished', 'manual', 'aefd2969-3aa1-4208-a2de-b3efa0cdd2d2.jpeg', NULL, 'dinakachukwu', NULL),
('verif_55341611', '2025-03-19 01:19:55', 7300.00, 36, 'Finished', 'manual', '1cfa5d4a-9742-4d65-88a8-e881b9eb4966.png', NULL, 'Bello Olakunle David', NULL),
('verif_56659659', '2025-04-17 17:40:54', 2000.00, 56, 'Finished', 'manual', '960aec12-3206-4931-b07d-893e7f74b0c8.png', NULL, 'Jibola', NULL),
('verif_61295554', '2025-06-15 10:01:12', 8000.00, 51, 'Failed', 'manual', '88374106-e531-48cc-a695-921b23ddb440.png', 'Refunded ', 'Obu innocent ebibo ', NULL),
('verif_61987920', '2025-05-19 23:25:17', 5000.00, 73, 'Failed', 'manual', '8a64b99a-4f99-44f1-906a-0963c6d5ff82.jpg', '', 'geo', NULL),
('verif_64895438', '2025-03-12 12:06:36', 100.00, 7, 'Failed', 'manual', 'b55e5ba5-1546-4f97-8c1c-17db2adbdeb1.jpg', 'Duplicate Sender\'s Name', 'jhgfdsz', NULL),
('verif_73486305', '2026-01-03 13:05:11', 1438.00, 280, 'Pending', 'manual', 'adbaf6c5-9cfb-47d9-8c4c-372b8f264080.png', NULL, 'Jesse Yantiss', NULL),
('verif_78532295', '2025-04-14 15:54:10', 5092.61, 55, 'Finished', 'manual', 'a368153b-e9bf-4e40-bce9-c7e916f00867.png', NULL, 'Ochindo Confidence Tampioru ', NULL),
('verif_84852552', '2025-06-11 10:54:30', 2000.00, 36, 'Finished', 'manual', '299fa50f-be0e-47d1-9586-cb4c963e3aa8.png', NULL, 'bello olakunle', NULL),
('verif_95950401', '2025-04-01 20:56:06', 4600.00, 49, 'Failed', 'manual', 'f53c7781-9a36-4a04-9629-43ce6fb95232.png', 'Fakr', 'Isokariari Desmond Enene', NULL),
('verif_96273171', '2025-03-12 12:20:25', 100.00, 7, 'Failed', 'manual', 'c05d4d5a-8d0f-4df7-8587-569af0eec914.jpg', 'Duplicate Sender\'s Name', 'fioipo[p][\\]', NULL);

-- --------------------------------------------------------

--
-- Table structure for table `users`
--

CREATE TABLE `users` (
  `user_id` int NOT NULL,
  `username` varchar(255) CHARACTER SET utf8mb4 COLLATE utf8mb4_unicode_ci DEFAULT NULL,
  `email` varchar(255) CHARACTER SET utf8mb4 COLLATE utf8mb4_unicode_ci DEFAULT NULL,
  `password` text CHARACTER SET utf8mb4 COLLATE utf8mb4_unicode_ci,
  `wallet_balance` decimal(10,2) DEFAULT NULL,
  `usertype` varchar(50) CHARACTER SET utf8mb4 COLLATE utf8mb4_unicode_ci DEFAULT 'user',
  `user_status` tinyint DEFAULT '1',
  `reason` text CHARACTER SET utf8mb4 COLLATE utf8mb4_unicode_ci,
  `api_key` varchar(100) CHARACTER SET utf8mb4 COLLATE utf8mb4_unicode_ci NOT NULL,
  `temp_password_status` tinyint NOT NULL DEFAULT '0'
) ENGINE=InnoDB DEFAULT CHARSET=utf8mb4 COLLATE=utf8mb4_unicode_ci;

--
-- Dumping data for table `users`
--

INSERT INTO `users` (`user_id`, `username`, `email`, `password`, `wallet_balance`, `usertype`, `user_status`, `reason`, `api_key`, `temp_password_status`) VALUES
(7, 'dinakachukwudivine', 'dinakachukwudivine@gmail.com', '$2b$12$Ef9n1BN8ClzK3FOrggWTCO6qDiaE7LuyPdzvA9LAIp.YNS7N0aOdu', 100.00, 'user', 1, NULL, 'aTQIWqRdke2WARQexapQyy9UaYZ7-UpSbCZh9X2g', 0),
(8, 'Jasper', 'obinnaimo44@gmail.com', '$2b$12$C8jecsClSLbpDCtGs4FIqua4GxEPsRvsigt0k8wMkjU434HRP26oW', 0.00, 'user', 1, NULL, 'D0MDGko1DHXt3vPMajhZOG1ctyBJ2pkGzhukp6MX', 0),
(9, 'Fuby', 'ibifubarajohniyikonibo@gmail.com', '$2b$12$78/s9dcKCOOUVMhYcOthq.FNhQxH7Q33JUWS.NQkq9ycT22MXVB5e', 0.00, 'user', 1, NULL, 'ZUNAjcv0ziqFj5HPLJOQRmPt3QV8p7JmNoaFNVS1', 0),
(10, 'Lorenzo', 'baridakaralawrence@gmail.com', '$2b$12$6SGJvjnX/WrV61sG6dHcTudI3Q4rKpvCRUMc1ONjXbXt3Lw/LTFI6', 0.00, 'user', 1, NULL, 'P_epBs-FuO6Z0YGEkWjNWefOt4J4-A47FbN4Rw1S', 0),
(11, 'Jay', 'josyemmanuel7@gmail.com', '$2b$12$YzpEgGEIxtLNkuxsIpILJudzlyZEeTf.Q5HluXG1aAWI9piXaVyaa', 0.00, 'user', 1, NULL, 's_pNSa5UmOIlbGyJiT_6a8liAVKvz12u49w0ITav', 0),
(12, 'Lamboi12', 'ikechithankgod2006@gmail.com', '$2b$12$1L0mfkfU5YPXlb2ftIJvhOwjLpeCkAbAgy8uP0yVNEBuKlwQymwSy', 0.00, 'user', 1, NULL, 'xS8tF4vp1UW2-KjMu8tCDsFcVkDlVkU3XNpOWhQT', 0),
(13, 'Nwuzi', 'godstimenwuzi1@gmail.com', '$2b$12$aV4/xJiMrE3gR1SdO57P/uElHT1x7RE6v9oRfpnLMNv39j5RpHRGS', 0.00, 'user', 1, NULL, 'XBik04sqM9d4bH7lu7BmhDoOUQBydn84Mm0_JKEh', 0),
(14, 'Chineletam ', 'onwukachineletam@gmail.com', '$2b$12$mvOexkcCbXiZ6Cc.3lBwZeDh5Getidj2Rn4FSU7Bp.SuGtRCGtSqe', 0.00, 'user', 1, NULL, 'CaBK_tTDJmKUk-ywzX_vImiOTyr1X15mtPennSPM', 0),
(15, 'Victory200k', 'chimaobinna880@gmail.com', '$2b$12$OMKP8vHRo7tbNOL9Ogw2/OjGKilgqy8b9t2MUyoP6.u74hPuEgim2', 0.00, 'user', 1, NULL, 'WyUtwnStyAgnf0y8_AgkADCzIfnlAhf1gu39AeKM', 0),
(16, 'Ogaluzor favour', 'ogaluzorfavour@gmail.com', '$2b$12$YZ.CkJZEpP0w/KiGHB7vK.wni5Jf/sDPhoJywdiC0up9mmDgPubTy', 0.00, 'user', 1, NULL, 'aM5k7Rh1Oc_LRbNom8y8TkQm8cA_TDXxhkPdtTgJ', 0),
(17, 'Smartguy', 'smartmusa961@gmail.com', '$2b$12$x3X4Mbm.fF2eyK51jPew3OOy8g8p8J7IFaksudGSO7zbJS2BHLLQ2', 0.00, 'user', 1, NULL, 'HFhdPt0MeKoodZkgfkp00_ci3Txwq3vBmmdAUfep', 0),
(18, 'ndaramfon', 'ndaramfonobong@gmail.com', '$2b$12$54ANXt8/PSdqVbMg1NV5Ou5vBq11aCSl2l2qs.25umXtpOtQ/MFOm', 0.00, 'user', 1, NULL, 'xTpf2q1YqVaa1-UwJlipYgBZUPIIuexXO7QAwDU4', 0),
(19, 'porshmanny', 'echiwetalu3@gmail.com', '$2b$12$GYWMjWYAnMkmi0FgF3cOtuJoef/4/9.UO6EpyfDLFn2dIxcWrI9C6', 0.00, 'user', 1, NULL, 'G6SYvIZ5ew_7gKUn7OdBy5XPDO44XByAIUhaMw_W', 0),
(20, 'Jennnick1', 'nwaforchibuike1748@gmail.com', '$2b$12$Cy9S0A.HDPd6bVnMUYHAqucEAtd8RI7viZPA.ZRxZv1OXkCKUJOTG', 0.00, 'user', 1, NULL, 'Pz3F5uCJvvDiSJy_rWndRKBz6lPAbnbazxF-npNq', 0),
(21, 'Nwafor Chujor Elera ', 'nwaforchujorelera@gmail.com', '$2b$12$ir91P9sMmBNy9h/braT0M.qCUXobSPmPbLUNOHRegtZG3/V/BBTue', 0.00, 'user', 1, NULL, 'MLISd__GhPVuXlNus68QJv7ruKMgK_GBGHnorKas', 0),
(22, 'Elvo', 'igbokwe912@gmail.com', '$2b$12$t6B2b/zTOcMikeW4Lcv7vunr3zUYs0D2gTw2Q7V8qTiSbKBRhu8GC', 0.00, 'user', 1, NULL, '1seYZnc-InRl_yJP45S21yl0G5oFP8QZfEMh9Bwf', 0),
(23, 'Davon', 'tamunodiepriyedick67@gmail.con', '$2b$12$dZpcvuZyQxAM0eqf3uxH6uyKxuU68jfkRB1xUw1nvxigBdmNAM5SG', 0.00, 'user', 1, NULL, 'vj5_hYAI_ub68QSfFg3zgniiDwOldMVNMfu8uRb-', 0),
(24, 'Obalga', 'obalgadivine@gmail.com', '$2b$12$LBz7MNR0egLqSEpAxLSdxOkzZS9OnR9P96awgz08SwDRF/r6TcjFq', 0.00, 'user', 1, NULL, 'QOIqVqYDkOP2ujyX3r4ZAZ14m9DVU8QRQDs_WNG2', 0),
(25, 'Machala ', 'onwugharankwachukwu@gmail.com', '$2b$12$cctj5e4Irwhhm3nxSDCxyuYQ/Gr1Udk5QsybH8KhPoCRHQd.9eeJe', 0.00, 'user', 1, NULL, 'sha_BHpC-pw98j-ObmBVXSexylR1SoWGEgcH6Bh6', 0),
(26, 'Favourransom', 'favourransom729@gmail.com', '$2b$12$D4rFDaJdOCxxwqz3sv9mee3ZQesQmGZrD8r6Doyn4xO3/6SZM9q/a', 0.00, 'user', 1, NULL, 'UcbHbsxibLxi280ACdkamZmoXVxyew_xM-JNMwmk', 0),
(27, 'Kingastics ', 'norton9073vr@gmail.com', '$2b$12$FQVeMaGHyRJiAkw/B.69x.QpEwiPqNc062NSrSBNqFJ1B9/AZAq9q', 0.00, 'user', 1, NULL, 'YG2mKThcBoX2iSa1_tN8t8jfaobbRw9zflYQ618e', 0),
(28, 'Tamunoh', 'tamunohpepple@gmail.com', '$2b$12$LRBr/SGYOULJiTIIMgJ0xuwxADWQZInFWoyeyhOlYLaLoN87vszUy', 0.00, 'user', 1, NULL, '0orESKnYJN2jShEbva6LGO_cS7vFF8afWEm6ybMQ', 0),
(29, 'Favourransom123', 'favourransom01@gmail.com', '$2b$12$37uO8m.TfOYVBR0fM6enduw52RhY/lc8gs7iIhGcfHOJNvCT7vVci', 0.00, 'user', 1, NULL, 'WFoemf6PDEDPzKGiZTMJ3dGNdkECJm1VTy_LY_mx', 0),
(30, 'Wisdom Godwin', 'godwindecent05@gmail.com', '$2b$12$l1H35FtvqDybcqnQxbhu9O9W2e0GKMsqGQTMpfULuG75lIEo05m02', 0.00, 'user', 1, NULL, '_LaXR1GJGutsO7ofUnflPZlkBlYQbHeAPLC5XPFX', 0),
(31, 'Monday1802', 'mondaychukwudigodwin204@gmail.com', '$2b$12$xybLDmMxC35EzQ944lclB.dA9r0bY097vwrfqS7lQgPakjY9hvIZi', 0.00, 'user', 1, NULL, '8X3I33zfhReJ-BYV6ZrzHycQ5N0OvapR_qadiBum', 0),
(32, 'Williams336', 'Wiliamsondokubo@gmail.com', '$2b$12$wVba24Uv0nv00Dbve31aWuAyfyxgA17njKSa.SaBmJr05DRbWgt1a', 0.00, 'user', 1, NULL, 'ALCC4B55WqF8sfkxkWPT70a7pQ4JmaXKcWvbFK-l', 0),
(33, 'uchenna.uzonwanne', 'uzonwanneuchenna2022@gmail.com', '$2b$12$2D.CpyCSX9fQki0jLcUFhOqQamSdbjnpsP0/y25tmFmKlHcKDYwcO', 0.00, 'user', 1, NULL, 'y4R7EqumMOylngHekRk58HcSv5E_w-rZgnAFp7XV', 0),
(34, 'Victory ', 'lilnova350@gmail.com', '$2b$12$yz5gEkG5s3LQie9qd3um4O/eZlo3q6tb3pnvQZI5aDkQ6nRPHWa1y', 0.00, 'user', 1, NULL, '6AeYJuFVKcPBy1sE8Qdu6rz9InxhIW-Ch08NiJHl', 0),
(35, 'Peacenelson485@gmail.com ', 'Peacenelson485@gmail.com', '$2b$12$hQ6Owc9yDJGCxSwqEGb7key5RMn6XbAhQuQ5Xwg2FHImTIEZkrMuK', 10800.00, 'user', 1, NULL, 'zF7qPCS8OeGJg0Oz7bWp006hssJ629cY7AcAeFCT', 0),
(36, 'Horlarz', 'belloolakunle10@gmail.com', '$2b$12$1EV22f9OuDBReazB1FUmfO5Nx.H/rZBFzC69foECjY4wL.uATAAUq', 6625.60, 'user', 1, NULL, 'wpO2FHWCFSxQlxRQCpw-lUvopx2WMp0cs5unyYD6', 0),
(37, 'Icewiz', 'gwisdom894@gmail.com', '$2b$12$0bH0bKtSZCG769EEXRq4zeSBNXyE4tO6nZ99WAo.eJsEmpMTzba8K', 0.00, 'user', 1, NULL, 'XvNLb2rhiUiQy_CWAHORPGss4g-vEoRGd3H4mz7x', 0),
(38, 'Chimetc', 'chimelerisingorlu@gmail.com', '$2b$12$SYUkd0MhrchirYYfyg9dxecMcFeNVTbrpL.PJaEZgp8ur3hZhHOH6', 0.00, 'user', 1, NULL, 'kcBrfrT-T_Xx5QZHimyWzqVj6z-H6ro4L9kbYDR7', 0),
(39, 'Amanda', 'amandacbells@gmail.com', '$2b$12$yh7y9qo411/KuZ6CLbIjHOs3CxEoJ6VXcEePJAxsaLTZsBg.RSADW', 0.00, 'user', 1, NULL, 'BRnk4FtkwtIiSmmKuWQpn_KaGbbSP3M5kKobvSER', 0),
(40, 'Hustle King', 'thehustler2607@gmail.com', '$2b$12$q39UKZvM65QR.ObI9e/11u5S.upqhrNGqrrOmJ1GyBoBytzEPDeSy', 0.00, 'user', 1, NULL, 'kC9ewRaiiMo2cjkBjCiT3gS6_SrXXD5ClvCES0ni', 0),
(41, 'Rehhh', 'yougov974@gmail.com', '$2b$12$9WdJMzOnPO/Ws3C0Z9xnoe5ZZdLT/TudA.zl3rspTYfyXAa4/h5C6', 0.00, 'user', 1, NULL, '9dWteMYrDA-klW--AGsU445cUoph6I1HFoS2H5K0', 0),
(42, 'Ayaowei i3', 'preyeayaowei1@gmail.com', '$2b$12$ctP1SqqJHnfu/UhrggbAeuu6oStWD.SS8bQax6TissH4DcPYBXn2K', 0.00, 'user', 1, NULL, 'e-W3-x186T3328noSFBYg6OsF4RXz1h0qYyNdLfP', 0),
(43, 'Ufot2024', 'miracleufot8@gmail.com', '$2b$12$szSFs34KxFeNVv8Viu5rvep0b3IJjEgG81TgDiheUmGHAs.3WlV9m', 0.00, 'user', 1, NULL, 'K9mx9dpQhzBDD0cT0cHZwTp76EdiU3RXDXA1uCIJ', 0),
(44, 'David ', 'inekwedavid47@gmail.com', '$2b$12$fa398WyKHDjC66DwUJNkn.dUAO/PLxFI7EEOYdJTDdKfH7M1OSgG6', 0.00, 'user', 1, NULL, 'b49s-POLA4r78eoyWw5-Ys2Pn9c4LDnwpCUyQzjr', 0),
(45, 'My love', 'estyelijja@gmail.com', '$2b$12$t7yyxqxqmVqi/mZVKBh.s.2BiTLYPfy1jdvOii5N.YVQrgkhZ4ukW', 0.00, 'user', 1, NULL, 'HDGXVxgtv3l18KkiAxUWcTSRZwONBB2Orywp0goC', 0),
(46, 'Oludi David ', 'oludidavid@gmail.com', '$2b$12$OzR.cABVScR1hZZ2zDvjvOGC0ecSgvicSey3rfqB5dlhexRusfA4G', 0.00, 'user', 1, NULL, 'XO-jvGUM49Y5HR8johvFtAGK7bteiDEbVyw7Wx0C', 0),
(47, 'GADDAFI', 'Sokaritaribo511@gmail.com', '$2b$12$KTWWBocmERIGXALOR8j0NOKERTiCYVZvJX8Sk2jc.LzKVh06i81ZC', 0.00, 'user', 1, NULL, 'L3R7bFxErhilzLOoDjdnicuraKQKKjlz-ugwlSJr', 0),
(48, 'victoralabi', 'victoralabi04@gmail.com', '$2b$12$806sXKSmGwpx9NmKQcWNAeKns.YMLORI0nByLSEZpNU9UwXxMOc3e', 0.00, 'user', 1, NULL, 'GNXbSKtjhRkCqlr72OGwxiIyAFHBwu2IqZFkXwdY', 0),
(49, 'Goodest', 'goodestdjd@gmail.com', '$2b$12$GbbUP0FS6DrgrAd8VcJpO.d2P9ABXDn23/1.teqqSNUUoyhP7p3YC', 0.00, 'user', 1, NULL, 'lGDtGHPQGYaFwNKhmTZoXKNr---1q_fa_b3vPDKP', 0),
(50, 'jaxjnr', 'juchechukwu90@gmail.com', '$2b$12$QGVOPD8AKqmZiYfTGkJUs.QEdLZtlAzYzoIgLrnTu8YaJjvc2FQGu', 0.00, 'user', 1, NULL, 'odB8UxWZ8Ou8EZXe8EoQdHTqF1of4jG47IDsaS18', 0),
(51, 'Benz ', 'obuinnocent75@gmail.com', '$2b$12$VbNrfGEo9xmfgTWPA0WZTeoVlRf9rnjFQPC6wpUAvhNm9IrDQDdl2', 0.00, 'user', 1, NULL, 'gYLXbDvfkt17HMrg6MBj0Tu5af39VHnqLO1ZX12o', 0),
(52, 'Boyoman7', 'Danielgodswill013@gmail.com', '$2b$12$yRL9P1dxjGOPMi8tfymiOOSJL..ILbSzHy33HqOOelei8wSp7KbrS', 0.00, 'user', 1, NULL, 'I5bUTUJSO-oQXshEUvDGT6A6fMubAXYDlIDDs82G', 0),
(53, 'Osai Joshua ', 'joshuaosai20@gmail.com', '$2b$12$KFFY9gEBBls7g79kpcqd1uVvkrn.C2GiJTJXmwQfYx2QzIQ94/uXG', 0.00, 'user', 1, NULL, 'cVSgGif8bfZzAe5jNCqsHdTn_DXLOy_xJRHQSiLO', 0),
(54, 'ekereworld ', 'gifeeke@gmail.com', '$2b$12$nwKVS9hDCXNelUuhH3QJT.qRFUSZxpewpiUafluUON7EasF8rmpgO', 0.00, 'user', 1, NULL, 'Jfm-LcVVTtSyQiFRbmfxYA0qYz2QduxIxj2QmxIn', 0),
(55, 'Ochindo confidence', 'ochindoconfidence@gmail.com', '$2b$12$NymzSZZXt.zVDaPCCeMAOeFYGYQoGmopxwGjnhg9VgvNTKzioey06', 5092.61, 'user', 1, NULL, '5jSSi87GKi5jTjXI98Nxcu9c-aHSUh781VRuWZul', 0),
(56, 'rossteresa9735', 'rossteresa9735@gmail.com', '$2b$12$uKeX76jzE7Z//gTW8xiQ..dfwZ9V8dN.5DzRNQxprGwEUb3sK2YEq', 2000.00, 'user', 1, NULL, 'fQlFppU43o3-G6j_43gYCzieeC0NbA9RD2uRtOnm', 0),
(57, 'Sharon', 'sharonimoje1@gmail.com', '$2b$12$IF8baJlGpwN47AGVVNuKHu3ihyr9fFMNWZB8BI3UChyALseMLtv7i', 0.00, 'user', 1, NULL, 'S0GGzSh5lFpKXIwe6XMLrUtdL9d4Upl2bi0mkVVJ', 0),
(58, 'John stark', 'johnsonekezie@gmail.com', '$2b$12$w6p3cvuQUG5hgwkQn.7fCe38/bQnyPLEXD/wyjIcWeVPcg.u/mGky', 0.00, 'user', 1, NULL, 'o3Xhn3bZ_5Ryr95V9J1SO0CZm_QCB6SiVe5KwsNa', 0),
(59, 'Sukuna ', 'henryademujimi64@gmail.com', '$2b$12$oeyBGFuetxnMT6qmu4S7R.ItUAi0dbrlrycZWh01Sg4d15x.ScfXG', 0.00, 'user', 1, NULL, 'iRpg6sccTnkUcjcPwWkv3iJgD3xj-eKLwnI0y5p6', 0),
(60, 'Emma2025', 'ec456173@gmail.com', '$2b$12$QUs6OaQbhADMQ9IiJfCLXeXuebmJqFxnKoL2AN5.WW7eBH58fnyS6', 0.00, 'user', 1, NULL, 'eqVTSIVzPQBNcFca1WY5PcK3ziY-vr0dqeOCALFT', 0),
(61, 'Victor560', 'victorclement045@gmail.com', '$2b$12$cWtxBdJOPrnL1G6YpiGjmOthPW03iygR5GQ.aX5Wx0g.kit459nOC', 0.00, 'user', 1, NULL, 'OnQ_c5IFrvajYt7FfC_97DL7zNTVljuHWX_71WaJ', 0),
(62, 'mosescelestine04@gmail.com', 'mosescelestine04@gmail.com', '$2b$12$uW02KFCYsaqXPEaH7b.KG.pcHYuC2no7/L0B1oQmhJ.bOxAfMC5KW', 0.00, 'user', 1, NULL, 'OpksEO-9lb4yTnkNA_TNnL-RRcsB45UQGlZkhVDB', 0),
(63, 'Onowuofph ', 'prinxadoms111@gmail.com', '$2b$12$nSqj4H4ma5SmaktNpE0TluKvSGiYL8J7ISEHdg1VXDDoDZML3THg.', 0.00, 'user', 1, NULL, 'o1hqFKT0mbjjdT7Ignqej-X3dlqJcrN-hFAg1QHW', 0),
(64, 'ANOIDOLLAR1', 'samuelanointing089@gmail.com', '$2b$12$4lmlJJkapH.ETxHcvLDAJ.YIKEm/x6dS0jIwhN9KaC.tgFfY0A4vC', 0.00, 'user', 1, NULL, 'cTxQUBczpXEcv9uv8gxuKHeyC1xjum9WWE4lwxi3', 0),
(65, 'Roy', 'dominionanele@gmail.com', '$2b$12$xgAin0euypiWDTurMhpX5OcSZAVD6kGtaYqxu5hzGPmW/A4VAxj12', 0.00, 'user', 1, NULL, '8PhKlgSqoHIdzxZJINzPWGourmktNJ6NMOp9mn8p', 0),
(66, 'Daffi_G', 'geemorcosofficial@gmail.com', '$2b$12$RRvNJHcdF/Er7s78trgd7..Jk8/ZeNHY3HSRYNzbSYddV0JnhVPOK', 0.00, 'user', 1, NULL, 'H77rwSEslxOSxHOMsgMLcJiZiukMv7Fry8KHcvV0', 0),
(67, 'Fuby1234', 'marksinc503@gmail.com', '$2b$12$b3YEF0FtfxrGdLmWjsiCc.Ei0YbJgI2HpKufezEH8tGtw8...ivUe', 0.00, 'user', 1, NULL, 'qSiZHLyG9DfGXWXQO0gMrcGjbKnvPkbo5HHA1-YI', 0),
(68, 'Ali', 'ia4262587@gmail.com', '$2b$12$nKSYSaagfDdXV/nRPJI9FOJPmjHaVMRYPrvIKy2BkNKAHUWoaof8S', 0.00, 'user', 1, NULL, 'pHZvpsF159PVvp1UmaOV8YJY0AlATABlNfDkdIUN', 0),
(69, 'Triumph 45', 'anukwusolomon2@gmail.com', '$2b$12$gcFobO.D43FoHMUXiIGanus1dQw.LHSTxKwb7L2lViw915E/B3Uxa', 0.00, 'user', 1, NULL, '5HDn5n69JW98927kilQTrZ8GVGtSNnr_dyklwRnD', 0),
(70, 'Chime Victor ', 'chimevictor2021@gmail.com', '$2b$12$uEs2sNgplXM20uHA0qgKnOQ7tLrhUXACc5M42IiQ0TMk7gQokF5qC', 0.00, 'user', 1, NULL, 'PKddftjOZ8ce0uDxWS2CVX3xsY50RpFSGyYvgdwM', 0),
(71, 'Dicksondavid', 'dicksonanurugwo13@gmail.com', '$2b$12$eTLYdsxD1bPDk/WXUfQ78uI.LcdV.ohRDFIKSiEED1KTQky6dNIdS', 0.00, 'user', 1, NULL, 'ycKlaoyM0QxS9HcHsxQNzOTyAcn6Be1RBchG-d20', 0),
(72, 'mxz12', 'maxbob.com@gmail.com', '$2b$12$WVHowpUJ6hzeBi50Fb3TL.hC/.0CEQ1qGgIIhF0/evhOuxPRsDfGC', 0.00, 'user', 1, NULL, 'DDHQfnI6tiC2QlWMf4JX6bab57GbFw2Ys13bPPCc', 0),
(73, 'geo', 'gjoreking12@gmail.com', '$2b$12$k0nQVdJmr3WjAxwwi7OSqurGeq7toFjgBd2pjN1Ou/Xm2uNRJIUKm', 0.00, 'user', 1, NULL, '4Wkd3e7EFGG39PohWo8QtyWJpyCcXwYHJZ1VZK5z', 0),
(74, 'kamalservice', 'playzgodlike6@gmail.com', '$2b$12$e1DSqiQFQ6KW5UsGPCxuWuxiUV3CZ3fQE8DhaLxT6ftYX7h72hdi.', 0.00, 'user', 1, NULL, 'PHcGi-8_uFPctI5ejBlBAWKn2FfV-3lrZEnuwaHI', 0),
(75, 'Deri', 'derickgrayson7@gmail.com', '$2b$12$cKpkapHAjgmIrf4PQ5BvfeETH9kRdaE0wVs5fQ3pHhcC7BU1w5O1S', 0.00, 'user', 1, NULL, 'FzVrxvkeNKiKCqgV7q4-9SKcFuw1o_JPz_fs8txO', 0),
(76, 'john12589', 'john12589@mailfence.com', '$2b$12$fDrQOCPCIq/1DcQJ.6AnqOXZQard3KYE8pEi9G3zWqtNPIqPJ0uE2', 0.00, 'user', 1, NULL, '453YM_OMEg6Ju1NTv7p9xh5B2BPHqZLNLzGfIFeH', 0),
(77, 'therichyrich2', 'therichyrich2@gmail.com', '$2b$12$Bzngt4jMFkxypHfLw2Vx9uR4qjWSvqlk0usg6FDUNjzV6DQ4MrYn2', 0.00, 'user', 1, NULL, 'W_BfxYUlKvQiRUpRdCJ_oDkSa_deFAs-hPcxCw_9', 0),
(78, 'Goodestdesmondzy', 'desmondenene@yahoo.com', '$2b$12$6tTcMxKoJ5pSzsf2hFwBHOP36.xejju9JiZt5riIlHrYnYmJxHi1K', 0.00, 'user', 1, NULL, 'T9ZD4hKgAbgH-O1UpfauAcMzeGkqPhqB1CrtuXVS', 0),
(79, 'MARIA', 'Mariasherly234@gmail.com', '$2b$12$yKqgG8i3MKMRCZ2Avvh/tOqWuqkocSkLk76eDd9oZLKF.2lyVXG1K', 0.00, 'user', 1, NULL, 'T16Duwu51Q043RDSjE3H9U-Ou6N_tWrhvrRz7MXB', 0),
(80, 'NickMayor ', 'nicholaschiagozie6@gmail.com', '$2b$12$pvz1C02WHsGtK3YhKGPOIuXLTksnQx5PeQTV5kgJmSuynwh11QI2q', 0.00, 'user', 1, NULL, 'T-3nDk8owWZ-M4fabZS8pBDbKzPieViwwNh91YVp', 0),
(81, 'ricco32341', 'm.rebar1998@gmail.com', '$2b$12$drHS/QQ0Ot2POEFknFahb.I0oWZr4aqMuRtoPYirIHgBHGNwx3UHK', 0.00, 'user', 1, NULL, 'hNK_2hbdtC2-1ABR5dmrDKEJCpgnTXQEd96x--EE', 0),
(82, 'DealerMogambo', 'singhdev9209@gmail.com', '$2b$12$GryUmTUADMLvOsE36LAi3OrFZg38YHnAVgngLoVBnt2/TTVKjmnvO', 0.00, 'user', 1, NULL, '-Di2HP6h1VxbjxKxDu5SRheHCYF9KLDTy-rpsqlS', 0),
(83, 'Bens', 'obuebiboinnocent@gmail.com', '$2b$12$ZPBpVyCnjjeTbldt90xfXenYc/HV2ct/ss/o4bSHQx/93CwXSYfre', 0.00, 'user', 1, NULL, 'iJC2BlwZH-p7PrXSaigcsgzq7kdo97GYYjnHRNU6', 0),
(84, 'markglaser087', 'markglaser087@gmail.com', '$2b$12$AgWXqtfvfuPyJ3JhXLj.iOmOmH3eV9/KAOXaysTfRvJgVK8v5gwJa', 0.00, 'user', 1, NULL, 'kf3HWWL_XWMXrSdB_lhYI_szItU6JfNu9pQ8vZGP', 0),
(85, 'Frank4040', 'francisoji18@gmail.com', '$2b$12$A8qCAT.gpA.HwnO0/0ENyO4CChA7ehJqm5b7IsvIc83GuN1Kfy3Zq', 0.00, 'user', 1, NULL, 'wYPg2a7-V61uktZB7M6tOBdmo9d4XZcGHdxV5r1p', 0),
(86, 'Bj', 'abdullateefmohammed95@gmail.com', '$2b$12$.M.k59LZwaBI3zhOKYQkye.OxXyMLRfUFg/4hEundunVX8ZP/xoua', 0.00, 'user', 1, NULL, 'b_INcPNSjZLr7Ym-ENdPRTgIUwTdjDo-zTagN_1l', 0),
(87, 'mhmdatif', '41943mo.atif@gmail.com', '$2b$12$Xuyzy472UzAYUtZ2smVAieORZlcDqIwgjBLY2eJoKGg0mmdEVUHF.', 0.00, 'user', 1, NULL, 'wnZWQs2tWV5QBDRGIPeg3qrf26jkNKfU-DIZSgDS', 0),
(88, 'billylund', 'billylund70@gmail.com', '$2b$12$qQolzjBuP23C.nyZTAW23usraOJQOmUm3LDCpc4tZxAJFT5szPtEC', 0.00, 'user', 1, NULL, 'Gs0XzWOh7Jtq3ghLjG0UBbq4eEyX7NkdDTeGscCU', 0),
(89, 'kayplop', 'kayplop123@gmail.com', '$2b$12$UZLCEbzSx5/VLNgOOFt6r.wPByGGKiuX325Wn5B4jKWUb9RW9kZ0W', 0.00, 'user', 1, NULL, '7dnK3xp2u3gKQvRWOaTyxQFq-6vXOWADiHTwp2dN', 0),
(90, 'kingfavourfundz', 'kingfavourfundz@gmail.com', '$2b$12$x3c5SVz2BI0QYQLO0.MMoe5zEsdgefhdkpP0gIcDe4BB6eXV23JfO', 0.00, 'user', 1, NULL, 'wmXXdaiXjaXNbdd7mRTT6hwaIsezBu-3VQdgG-xK', 0),
(91, 'jewkiller', 'blissific99@gmail.com', '$2b$12$LUwwjWBVuDB6N2S8TJv7GOhIV.Kd4QfQiY8enuWSQUMNPqvgUIoRu', 0.00, 'user', 1, NULL, 'X5EqXEHoEbf6iKQJpIh60R0n5uVX-mmwp-ieO3S1', 0),
(92, 'Heryormhidey904', 'heryormhidey904@gmail.com', '$2b$12$cBJy4.EVs7UskWfgim07MOVBXSbsuYOEt4OM1kd74.iRPQP5EM9ma', 0.00, 'user', 1, NULL, 'R8GbIw4BL6X22bLr8ta4iGtsb1wDWuFU4q8KfDwd', 0),
(93, 'Dapeyrhymez ', 'amadip272@gmail.com', '$2b$12$.vVUWiAkrfB3IYVJz2lPR.hzogN2p3KjkjkrDl5gwfrRM7iiDMmDa', 0.00, 'user', 1, NULL, 'aQEXLNU3oUzSpbnfjgMdWVzkocC-5OUyLxON0Vql', 0),
(94, 'Create', 'chimaidika840@gmail.com', '$2b$12$jVMA8XIY6dtWZlZMHBK8pOU180Ml/zcCRwsqtofNvrPnmyf8nXUDG', 0.00, 'user', 1, NULL, 'b1paRBVrySkOQd9UyQcG_ADgSfFhqiF2IzcV2JfM', 0),
(95, 'd4k1', 'kuekenwunder@gmail.com', '$2b$12$kZxKIwa5ix1iS4T.0j6t5uX4xW5XhKSWZ2.JHsRqFcGBn7ga.JAAO', 0.00, 'user', 1, NULL, 'llKnXj7sgbt1RxviXBFVN7tl7XDINFdJGnnXRvVp', 0),
(96, 'vastokenn', 'vastokenn@gmail.com', '$2b$12$nb3sLHbznsXCR.MTZZSjBOH3WSrUMQ3da9M9wAnq6LSqQBNq3RUzq', 0.00, 'user', 1, NULL, 'jjguNfRg_K8V-PcgVVkD9wb1LAn0FXXpWWC6_FOt', 0),
(97, 'Escobar ', 'ngangsolomon@gmail.com', '$2b$12$Gww/lONsb2N1h04MAkJwae3Z0rtuf.UwENBkGq/l8LfBo3wIUfLXy', 0.00, 'user', 1, NULL, 'zU-xTFbrY2KUYIGMWm1nRNoVMsPW17WPUClonYys', 0),
(98, 'Asdgdjrhf', 'dozes-stencil.7i@icloud.com', '$2b$12$t/Xg80uuzwP9zRFZnMLc4uenMx0geSJ.f3YGc9GhBNV5qPUxpMxMa', 0.00, 'user', 1, NULL, 'HYlZWCUgSOzONL9K7xVsYeRMic43CtlIV-haAzMv', 0),
(99, 'AqilPersia', 'aqil@aghil.ai', '$2b$12$OLbxBrCNbBs6EAZiVj/p4eA7.ffoVKlFqSijo6QqL6mL3Jeif8RyG', 0.00, 'user', 1, NULL, '4AtdJ4szlLb3jboLqvt4mYq1hj99ZoCAYko-6Ocm', 0),
(100, 'aaronryze', 'jamacooper2344@gmail.com', '$2b$12$sBMG2khTUxKRXGI2eK55reBq.QfJkg5XumC42i8.u9GJT.FYtOh.S', 0.00, 'user', 1, NULL, 'MbEm_xW721Fb3Jmi8tDzp-iJAhn1jtcOjYpS9z7y', 0),
(101, 'Solo', 'efootballgaming08@gmail.com', '0', 0.00, 'user', 1, NULL, 'WBQMkILTCwXckCii5JxVvIztKqLLnrFpt36kERkX', 0),
(102, 'John', 'pboy57359@mail', '$2b$12$IyNavM6KOCSjjcwiEGUwgO7lM0KvKlB2N41dK9pqoIh2GK4cOU11a', 0.00, 'user', 1, NULL, 'ribnO_-LBhZeSHOdhzWA2wYcp_OWGSnRf4zdbuMq', 0),
(103, 'Gift11', 'cijiwig877@smatne.com', '$2b$12$gQgy/qOJQCLNMQ9FuRJvUu/c8DobvBmNlwem8WqKGyGgaKjmt90uO', 0.00, 'user', 1, NULL, 'MPLO1nFq9aMkf6o5vHGpKK-KNfFN8p3PvYuk4eaG', 0),
(104, 'Rouf112233', 'backlinkshunter100@gmail.com', '$2b$12$1os1O6HyAmUvOFshHbKSZuGaHAJmmVhQRbUJCVfhPqnuWWpnWMcgO', 0.00, 'user', 1, NULL, '-MRaGmnjJzAfTJlsoVtSI2vuxUz52AehcQC3wZab', 0),
(105, 'ممسوس', 'tegar52413@speedfex.com', '$2b$12$/hQgAmqGWxUAjQ8NFgy46.tLccdJfMmrUutZORfq4DWxFm99Bugbq', 0.00, 'user', 1, NULL, 'wafqsG9X7cl0tWAcfoZB-SLGmssStHghC21ePzJN', 0),
(106, 'Hero123@', 'lodu12007@gmail.com', '0', 0.00, 'user', 1, NULL, 'Gqp7SN8yRjCIoYjTgrP9JbiO2eq7oU8hhaBbQ9ES', 0),
(107, 'marte', 'mariachata22014@gmail.com', '$2b$12$tDwSgqjfrieDWvWD9C/yTOlcudQ.AbtAYnPRHcW5/VvrF6PMv9MFe', 0.00, 'user', 1, NULL, 'Agi5oMUszQ6Gkv-_5BcBXnz-w6NFZtRG3jfzc4LF', 0),
(108, 'abdulwahedghz', 'ambercatriona@mechanicspedia.com', '$2b$12$vsxZylkTrArLgXP0YsanveQ9j7iIUdASQPmnrhi7bBjWwyjTgy2DG', 0.00, 'user', 1, NULL, 'qFP940DEDQvhV5QHcB4PYfKfk8zlFgqZOXbxf7V4', 0),
(109, 'Lenzy ', 'laciemay25942@gmail.com', '$2b$12$q4xon0ya5L0Ba0kgJ.eBGu7C5tHCryUC77Hjx3pTeFOSnw6XDeqxm', 0.00, 'user', 1, NULL, 'BBrzvV_TTUT2EduZXpxGluT1sLBFIXL4zxfWSBok', 0),
(110, 'cpoubell', 'cpoubelle988@gmail.com', '$2b$12$NefAItzjQQQ3EaGFO84iAeFWH/35x.gkjGBNNBfilRCJGwVscN4x6', 0.00, 'user', 1, NULL, 'YLnCSbUNEsY99mBkjmDUp_E7GCTfrefU8tzpv5Tc', 0),
(111, 'tufailabbasy', 'muhammadtufailabbasy@gmail.com', '$2b$12$R21M0hwI/bfEYa7egusE1uGubdSUUeioe7y6xHjZerSJpF9lFkaXW', 0.00, 'user', 1, NULL, 'aL76AU2Hd8vJHxOmY9O8DbHCOOfr2kVshXpZeZyl', 0),
(112, 'kidus', 'maafbusinessgroupltd@gmail.com', '$2b$12$Hu/qMQFADLdp0juDmobGtuFPhkO9UkfwVk8WV1RAnCvhYmcWFj5w6', 0.00, 'user', 1, NULL, 'UbEeObJ2wwLHXjeObxEreL-Vq9qhAx5Bf_otARix', 0),
(113, 'rerwdedszsisi', 'bro457102@gmail.com', '$2b$12$CvSYbotOhRIQ1UjeFcYOAuo4tBwDGwbkcNxQeqBbcBwTPWodt/Qze', 0.00, 'user', 1, NULL, 'eG6wOiNTcehohoDrNxWd-kEiVtxL5KIYWV0BL-EL', 0),
(114, 'Vegas', 'jerrymendel61@gmail.com', '$2b$12$zhuLSmX.kxSfeFFP8M0CGu4h6KSigAODDrUqHJEc2iguR5mlwtlZu', 0.00, 'user', 1, NULL, 'Hyuf38n6C_sYeJ-ShHUMmOtznY6CcywIDLWuU3cq', 0),
(115, 'DouBtBest', 'brarlol2009@hotmail.com', '$2b$12$9azf.iVHY6gGyH.mhQ0g3eN2fIzVuJ6iZ9nD8sqG1hX3I8EuMNlqq', 0.00, 'user', 1, NULL, '3nRPrrnpon0QhS5DIXKa9zqB0ly0Yc6DtsHlCKYT', 0),
(116, 'trader59', 'razak59182@gmail.com', '$2b$12$wtCw1zJywUdA5nDBF/i/cuitGCpDi8HlphjDY3XJoefwj/i7X1nK2', 0.00, 'user', 1, NULL, 'lfH4gMqo0uMClWZegFI6AGKt7B5lpHAcIjVe9hyR', 0),
(117, 'lkjdretlvssss www.yandex.ru', 'john@protdskeit.ru', '$2b$12$dR5c2OO5VKORGkW.3G/wV.WOdrsUaCwKMBRVG3Ru5aztB/XIwMvRi', 0.00, 'user', 1, NULL, 'HnFvG0WQT69ITQWMYYPeVJUjPbfc1mrHHFCFy0J9', 0),
(118, 'cantyouseelouis', 'LITOKUCOOBAI@YAHOO.COM', '$2b$12$SJKbKDf3dy0wWRdr/96/MutXn3S8xw82bwsKt3K/h7rtUT7kqdnuu', 0.00, 'user', 1, NULL, 'i_OkhETLk3oE4V2kpR7okLu9ImiY2kUEKcWsXau_', 0),
(119, 'mfdi', 'mfdisanchez@gmail.com', '$2b$12$SxzICtTYjHRfY5Zyy6UFluRn54g.aSHe1wpvDFS0uDRBwBq10NRYO', 0.00, 'user', 1, NULL, 'Imt59YX0bUEadiXBRgU6HFSa-eBNYWp7KmamdNvV', 0),
(120, 'Supprimable01', 'Supprimable01@gmail.com', '$2b$12$P3YdEdZQ9bsGOg0H8xRibe/UzJrK4HjzRSWSVVA7BqqfZlLmGjAwu', 0.00, 'user', 1, NULL, 'xxdVCch0YkypTuNi43fTw0w8woSjRE9Usavoukua', 0),
(121, 'shakamula728', 'shakamula728@gmail.com', '$2b$12$w1OU/YqjDkc5dovcDb3fhut8sR2VqmzFw/3x43bxcbnScWbcyVPMy', 0.00, 'user', 1, NULL, '-yGreiU4ZA3swWEzJfKxkI87UhngeB4FE2NOFVCL', 0),
(122, 'khaledznkah', 'jsgdia39@gmail.com', '$2b$12$lonoMQYH8TCc1Rm.Q3HpNOVkx20rvWBfynZE6Znmn2HN.3LVgMRfq', 0.00, 'user', 1, NULL, 'V_ZGOS-C03JNWwql983Y-byq7cs7GKcit7xFkO8f', 0),
(123, 'Adam', 'adamscott2023@gmail.com', '$2b$12$VbaH4MvQTBZRoZxSUaVykeIwCTpFi/WtLeSfwyhT7yu7iRuW6.IFm', 0.00, 'user', 1, NULL, 'rpfjdSfzlaob3vIFDKU_2yoUB9U2srOL7WItzPkH', 0),
(124, 'Ameenu0115', 'ameenumuhammad0115@gmail.com', '$2b$12$DSI7mXz2z6Nfsfopggr4ieTbA60NcfXgXY/XlcRFvDfOj8j94gDDC', 0.00, 'user', 1, NULL, 'mUMbqDi4kgrsCvIxXysv7XHpG2LVrINlePm8ZLqy', 0),
(125, 'momin0209', 'momin0209ahmed@gmail.com', '$2b$12$aY367/gXUtQqlGXInE8v0e1ay0ETul8RVsmgw3FzvIqZbb6oxOyXG', 0.00, 'user', 1, NULL, '9s9mBK8Mrq_yUgV4FrYzCglBCjLNF_ZtiHcN9yw9', 0),
(126, 'aiskuhtyduf', 'aiskuhtyduf@bilgediff.com', '$2b$12$NqrurmGWLaWTwqRIZvL/4Oku4CTJaKmWwv.8c86m6b3OEoYIHdMni', 0.00, 'user', 1, NULL, 'gCihWI_utkmm4N2n0yEKtKZRCHIsRggWal245qaU', 0),
(127, 'mokreziarenko', 'kinay91971@cronack.com', '$2b$12$V6Pv8SFh633tQIE8jiyR/uw70JkKfh7Y256HvNW1gwtSrG5831GyG', 0.00, 'user', 1, NULL, '3D-BEkMK1GqI41-YtCn3_rtEpASuL5VL46hk77jb', 0),
(128, 'Ezepromax', 'thegreatrown@gmail.com', '$2b$12$PYfUkrC/mXV9s4qdri4oz.yWNiInBBP8uT4eZE/gqNIubU91Kc4Y2', 0.00, 'user', 1, NULL, 'Q173MusJaBFeN160MR4BJDexKg0ricA_2VnbJcec', 0),
(129, 'PovaTv', 'povatv260@gmail.com', '$2b$12$Jemfmn5eEmWEXGkxisvntO8gtvWB2EbjCyciB40N3VkbOzOfzk2N6', 0.00, 'user', 1, NULL, 'cMw8AsokAYImd076NMU6mOSRnIB-dQAAuV1V-xjO', 0),
(130, 'Margret ', 'alleghanycorporation1@proton.me', '$2b$12$FWTOjHlsuzjV7GnGz0VqAuYLuQYZ.W.1XC7PscRk3drHU3BrQOfai', 0.00, 'user', 1, NULL, 'Uptq0-PclYhLnsmvqAbJFYzT9661DoasHBloC2GI', 0),
(131, 'Triple ', 'tobiastripletee@gmail.com', '$2b$12$hM0koEacx437Onqp6dkvY..LP7Yt5TNaBT/i2cH25/Lhs6pNkB9Na', 0.00, 'user', 1, NULL, 'jsmmZ8vcFim_p9pa_rfye0ruQ7vMj_ot4vbWM2OY', 0),
(132, 'Only_AB12', 'Mreazy2020@gmail.com', '$2b$12$WgbwJeoEIPnsk9o7Y5A1iu4Lh1/y7uOD7yy0Wa9GTv6KvUr/sqZAm', 0.00, 'user', 1, NULL, 'CuV8FODA5QEYmU831Fp937aQwX-aYYFdSWlAl7Vd', 0),
(133, 'Khufaz', 'writeradepab@gmail.com', '$2b$12$WdIdbt7xiVQqDLcrr2A.ZeWgBA5xF6ze6JEwxr5gfHa22KLiOFaTu', 0.00, 'user', 1, NULL, '1J-11vz7-VXIyjyBSLF6qa8NT-sm4PqfYO7sJBcN', 0),
(134, 'plugs7230@gmail.com', 'plugs7230@gmail.com', '$2b$12$og.Q.q3/uiBCfnmKRz.uBeDGbTX5UUkbNXE0.9MnTw5DZMt4ET8kO', 0.00, 'user', 1, NULL, 'G9CAMdMBaeSR2xeh2QI1frTnf_nlY5NivFiGK79R', 0),
(135, 'Abdullahi65 ', 'abdullahimuhammad3255@gmail.com', '$2b$12$/v6iNv3A.YfZZ5sLiyKWQ.oWBPxat6/aa7qo4KqxBPE/a977cJX2G', 0.00, 'user', 1, NULL, 'oMGdaBIpGCrB1JbmvaoiMpcmfOEEPsB29M2WghoI', 0),
(136, 'timothykelly', 'timothykelly812@gmail.com', '$2b$12$vXpYWE/AXG1prF6hHCKx7.UaT.BPO0PdA/j9Wt43yJ32x.fdDlZeu', 0.00, 'user', 1, NULL, 'b0nvFXlW68yAtlWxDZTIL-6kzubLqeBQeGLykf5S', 0),
(137, 'Fgijtfcc', 'sholalinkid@gmail.com', '$2b$12$UHYUxtnjR93DIuAXdKMFHOI.jP1bdwRpav29I0BvNoNg7fH7KvUQS', 0.00, 'user', 1, NULL, 'ynJH7iUSEz6od9DSGxGQc6yMp0hzw8C1dE5hruNq', 0),
(138, 'alle', 'shibumandal06102000@gmail.com', '$2b$12$WPcdm0A0/7w2N9pih2SyguireT.uor0VgkaEVC4LGhcaP6Rmsbv/C', 0.00, 'user', 1, NULL, 'UtWMOcjUq9qmLb3jjwktFCFz6Zi_gFLT40p_RVg9', 0),
(139, 'Mo ali', 'm.a.ellkany@gmail.com', '$2b$12$HxYcx9AU5m.2HvNq7s0DGusRWmD1E6GMeEugmyi97QFxc6nZ2x76O', 0.00, 'user', 1, NULL, 'uEJR7ow82qcNRPEzjcsh9Irto6vnL3Rb8WznGa0A', 0),
(140, 'egeqqq', 'askidaekmek123@hotmail.com', '$2b$12$Nye3j07upQV65w5arVT/Vu58G5SB0xPR1EDTxY1ew472yQeLnlI7u', 0.00, 'user', 1, NULL, '6rjn06YmOZu5MncTYChEo0t5UM2fVwMp07NofmgP', 0),
(141, 'james321', 'jamesberry3215@gmail.com', '$2b$12$INfoJQQXNj6kN.uJxCf/lOLUJtWuY/K5/9WqvF1qIumUEow1YwOA6', 0.00, 'user', 1, NULL, '20ihI99O09LqoxoQSd0LYEERjIsgug66JnrU7Z6M', 0),
(142, 'Papazikos', 'athanpapazikos@gmail.com', '$2b$12$xEhBxPPIXvJXa7EnKa5CcusNPnO/5KawnA.Fj2nHcr6CQ8Eyj6Fa.', 0.00, 'user', 1, NULL, '5UswExDG36sYMw5wfYywoZiQbl29fzgtgGrYwcFG', 0),
(143, 'arsalanrx580', '68arsalana@gmail.com', '$2b$12$JL2v8FtEBeu3Fa2hz6yab.pWmooFGaQHWcV96XmqqnjfIFxaDKP1.', 0.00, 'user', 1, NULL, '3nDHZytx6YEVLmHPaZboDZaWQ19Vt4d2NJSqAnC1', 0),
(144, 'vounabetofc', 'vounabetofc@gmail.com', '$2b$12$rP9lJZAVejHwy6RhtHuRXu13XtukeWA7iZkwZhkZljQiggQxaBGjO', 0.00, 'user', 1, NULL, 'tlovfNBEj5ySl3DLV2Qq4r35m1IVxqFjlz9IM6d1', 0),
(145, 'gitter', 'liliomlg.19@gmail.com', '$2b$12$kShSubWcyPuqwB.qeuYkNuNViAxLRaQzVjFZZIremkApKbP.6kflC', 0.00, 'user', 1, NULL, '3IQbZN0Vs6YVhyRi3qNmA2GOeD1vh0bFz7J2Qz7M', 0),
(146, 'Loffily', 'jjjjjhh0913@gmail.com', '0', 0.00, 'user', 1, NULL, 'AkSV8wzitIIEX7RPmMx_TJw0BDh8GJQG7cBIfkXF', 0),
(147, 'anattar', 'sherrifelsayed@gmail.com', '$2b$12$sGtlOC5H3aRDWho2NHTjTuRDW774P1Ufd.K4VY2NnWFC9nFJ4iwj2', 0.00, 'user', 1, NULL, 'ANqOJNv2HhC2VErt5kGdP2Zk6IOcuqTzzTplfSIR', 0),
(148, '833de', '833decker@gmail.com', '$2b$12$AAwCV4p7roRL6zEQ7UwTSO1l13X2fFlpy/WeUEgIlRQd9TXI3vs7G', 0.00, 'user', 1, NULL, 'DZxjR6SGRcE61t55JCYUtyt_cuu2k4v4fP0f77b4', 0),
(149, 'pava', 'umancikv@gmail.com', '$2b$12$x3q.G0bZc6GthBs3No09k.Sdqr6OZw8Jjm7NFAO61HpHLK.TfVT1W', 0.00, 'user', 1, NULL, 'v8nuaDRe4TTrMHW_1rT95QJpt3ak-HGu4RJufWS9', 0),
(150, 'bolubenson', 'adebisiamos18@gmail.com', '$2b$12$UwwMD90tJeZR6hvTSKMIRO7SZ47vfq1vf.2mnspUMvzV7BzCEkbCu', 0.00, 'user', 1, NULL, '6ZUZTVDZ8KgIAl93Z0YZGGtxSFSZJSb4z7eLFvhV', 0),
(151, 'Jdreem', 'jordandreem.official@gmail.com', '$2b$12$JuEUgKAOXvwfpk8MKYQ4Y.Ef74zN2k7LtKEHBnvA91HC4r8AEba8O', 0.00, 'user', 1, NULL, 'WNTUeMG6vtl5nX5M2-w51jFPnv2spD_1_IfhX72u', 0),
(152, 'OGVIPER01', 'mitchelljazz4@gmail.com', '$2b$12$96ccyVfGdS1Hu5DqNNe0lOduuPk1TFgdZx1NChHre5XPJA8QY6cm.', 0.00, 'user', 1, NULL, 'RxED7aQCgWSzZW6-HznTX5F5gw6zYwLVWgX3GJ3V', 0),
(153, 'naima99', 'naimafarhane40@gmail.com', '$2b$12$tFVQFEsD0jVbv8Px6XSrOeOANFR/aWA5oLmP6Np6vaE5XZu4azX6W', 0.00, 'user', 1, NULL, 'MSATUrh5o26QYakkhl4XI4Md1M9K-1c0vqXwJNei', 0),
(154, 'farcimr', 'Farcimr@gmail.com', '$2b$12$xa0KPFnkYsfLxRINSMcjzOyzuRjEahKny81GqvDHBtqWomrUyAKc6', 0.00, 'user', 1, NULL, 'GMv9zeGT7_UhINH-J8QUjFLSFZ-W0JuKv_B6-h9c', 0),
(155, 'giromohssine98', 'giromohssine98@gmail.com', '$2b$12$CBvzm8H6dBeNGmMR5DkDAeiY/eIJMkl88D7fJaZMZiQB2r23WUF4u', 0.00, 'user', 1, NULL, 'LA3BxXx7WSod8Vbbm3o0IjdmR8vftcSNrPzLlCiy', 0),
(156, 'Qwequtimbs', 'armstrongbenoni@gmail.com', '$2b$12$wkHaNLZLnCHNnmujqMSYX.ScaTIbHeLSZMCw9CWwJA22qxzMQko4u', 0.00, 'user', 1, NULL, 'A48mIT21t1B-akvlb6i-x6WTGWIGVUbSzmiqXjLJ', 0),
(157, 'mdsoun903', 'mdsoun903@gmail.com', '$2b$12$9LUbocA9Bn3L0Ne7aWz7V.JnK1FAvd/eSF3fsgkRMwnFtXZK6tTym', 0.00, 'user', 1, NULL, 'UtSHJYuV-VdcSnTlIsOW38v4DP17kMh9ZVVsU0yk', 0),
(158, '7ossen ', '7ossenammar@gmail.com', '$2b$12$PZlfHybBpqUVU/c80kLTPelSkd4mobX3S1bWFgepVb.6TMELUsBZ2', 0.00, 'user', 1, NULL, 'pn68CGZQJOLcfIluxO1GxvhT_NzvIKG8Jm4Isv7B', 0),
(159, 'husnainali12457', 'freefirecrackers45@gmail.com', '$2b$12$iVbDMm8mypQl8lXgh8HXaeqcIqEmQGHyoHoEX4hiLlBwdnyoMHH5m', 0.00, 'user', 1, NULL, 'kkPJQdY8-3NOwbieErrJgkkI7_x8HddYSpKpHl3q', 0),
(160, 'Lunasvcc', 'lunass@tutamail.com', '$2b$12$A2Z/0mszWGj7mgyAZHPOzOjUfeTBbcbzPV2mmRlTRVeJcuExBxYgS', 0.00, 'user', 1, NULL, 'Mjrn3DGhYHeaAhYexUadM0ja1vCaJDEt-9iIOc7f', 0),
(161, 'Yakuni', 'yakuni03@outlook.com', '$2b$12$cqCgekb1pf.e2ZUSWX2aSu9aV89UUpsuxzMfOA3IZ8vaTxwUZnIZq', 0.00, 'user', 1, NULL, 'IYUMhm1LOVJHF6r-STbhD2adhhmX5FRxo7t6hw9o', 0),
(162, 'aureomgmt', 'modelaureo201@gmail.com', '$2b$12$A9Y927dUidDRYfR9uu/PKeyPFimJfj0HPrxj.lOtJ29lISbKE7CvW', 0.00, 'user', 1, NULL, 'kDfCoqVManvTDyqwVQVtkYCOa-IUO22KFF1-P7fX', 0),
(163, 'attii1326', 'attiqkhan1326@gmail.com', '$2b$12$fVAE3wg2v0jpvtEz4Cfd1.GO/vZzHc9ESah.P.EEKUJdAgRX0fB4y', 0.00, 'user', 1, NULL, '65wW-GGbLugA_7W4gOboliwWoHBEPF5YMgPtj7f_', 0),
(164, 'ramialsaid', 'ramialsaid202@gmail.com', '$2b$12$79YZVVepvCX5Fys0hKoQb.5ESAgCASX5iJ3e.kWXcS.eodXz8MoiG', 0.00, 'user', 1, NULL, '1C8QtajjZTDRiHFm-z_y7sgO_nBorkochLKDjFaG', 0),
(165, 'acid58', 'acid58@yopmail.com', '$2b$12$/g5lU2aNPzYtpVk/OXJNZuWf0rpu1D5x8rbJdCRr1tZNkH4JgdEqG', 0.00, 'user', 1, NULL, 'dHwYVZ91xqOB18-XD8kraCUPbSGzh0euP_HGRKw7', 0),
(166, 'Achraf18', 'mahdiwkiz@gmail.com', '$2b$12$CY2NoyjNlNDEkzBGeDjdu.goUirPL2nBToKDxhC1HDFMSLt9HM9.i', 0.00, 'user', 1, NULL, 'aj3aLDM70Ao3Oeh2W5OzD4w_zxs7VKvktwDAvPYj', 0),
(167, 'Laineyjackson9', 'laineyjackson9@gmail.com', '$2b$12$y3KK60lwM325oV6G/gcR6eo7juBBvecpG1ihENqnVaX.w8KNgAXWC', 0.00, 'user', 1, NULL, 'lvYAub2y3m6S7JS1-ZUHhPL5w69snsyVgZGioiSI', 0),
(168, 'Chidera001', 'nwaforchiderao53@gmail.com', '$2b$12$GWHvHWGaInzXheTLnxlRye4E5kuPtF9lHdfYAZ0j8cXsMjwHe4YS2', 0.00, 'user', 1, NULL, '_9RXzt-Wf6UT8SM-hOuTiJtdYehZe_BzAPYzQMJb', 0),
(169, 'Godsgrace ', 'i83579668@gmail.com', '$2b$12$5VBXo8k.5tK7uueHhF1PF.KR8rCDtyB1GgYdIUa0Qs.cDeXl6nd5W', 0.00, 'user', 1, NULL, 'GbCdNSxdHEJW6N4QXcnNVba6KhhsMM74mGeH6Plk', 0),
(170, 'dakuyry', 'darksider0921@gmail.com', '$2b$12$/4qvbr.zLT/zqnYW0epp3uCqBl.R0wBo1kOmmKOQePmpuUykm/C5u', 0.00, 'user', 1, NULL, '4Hq27HuegkC_DkkcWIJkRdntZe6zwnP0P7laPo0z', 0),
(171, 'xogitol809', 'xogitol809@artvara.com', '$2b$12$xAthxjUjLFH/88OGG9408OoJHxuJkI3ae1vItWP.Ruh5M3KaNRd72', 0.00, 'user', 1, NULL, 'Vdfj8eAu_d2Ar2UxHC0hheODjfW0Eg6TPH6aM_W4', 0),
(172, 'lakytoro', 'lakytoro@forexzig.com', '$2b$12$UGgjCIrNIvY.GTqsmlPfxe76fw52XlfoQcQbRTXVrrXladOmshJSW', 0.00, 'user', 1, NULL, 'bftxJUlsGx5BYdiqXrVBHjIkwBOJEQTiS55xGKUr', 0),
(173, 'onuche', 'harch@duck.com', '$2b$12$HzHXix0ERxKwg3KpoUOb9eQ6stN7p4TMpQKVr.sZPkESvuHTChTZq', 0.00, 'user', 1, NULL, '3hc3zjaZQjsqv78oLm17cHNG2FF8ESxe_Q81aqOp', 0),
(174, 'Stella', 'blue.stellia@proton.me', '$2b$12$IHnwcxdcCm.MVockQyJ6T.Lzi6WFyG9yaxXmc16IRar5WNqZd4PCC', 0.00, 'user', 1, NULL, 'Z2Xc9JUW_JmRUu5CgUydYs7ZSlwW1ooBK6iF5VYL', 0),
(175, 'ahmad', 'ahmadereb009@gmail.com', '$2b$12$005S9njMwPUv.eDaw7yzb.U6rv.TZRN86TjldpN4Jnzw6VEXilaC2', 0.00, 'user', 1, NULL, '-4-1pi5erSbdJXt96OKOEmncZ3Oac5WTtOq4hg8o', 0),
(176, 'ahmadsadfasfasfsdf', 'ahmaderen009@gmail.com', '$2b$12$XM0xvBH54zP5jIDomCW1OORK5rtuUQSiYZ4uXk79fYyiLlG0q.bAW', 0.00, 'user', 1, NULL, 'TuEOoE45Dm4Y-pBHrN9SaHgsosZbG20dmxpy7o8Q', 0),
(177, 'ripome8031@cerisun.com', 'ripome8031@cerisun.com', '$2b$12$lfMPwE0nvtwtxZBfo6HDBe9B25WEPNKG3b2uVqD9S2mWMkiKTSIzG', 0.00, 'user', 1, NULL, 'b0TaKeuGojDFUrZvOEoafoYEHKL1QD2kOXdoi0Nm', 0),
(178, 'Ab fahim', 'fahim99960@gmail.com', '$2b$12$xcx2R6TIxk1Lx8hohlNUzeKYUiZf6xU2Ji1Fv/OwOYRw3mIYj5UdO', 0.00, 'user', 1, NULL, 'MnX3eZ4V2y4ndo-YzOKVeA4-05co-Ltdd-ZgO-x_', 0),
(179, 'emenikekingsley3000@gmail.com', 'emenikekingsley3000@gmail.com', '$2b$12$TTWw3v34QxltLFKGdx6cFedFLaPDIMjxnReW.3sKg3e/bJ4LcUkbO', 0.00, 'user', 1, NULL, 'GCd3BmkInlb8QIUo1Iz-gcUxDdv_r9VhOyipza9v', 0),
(180, 'Shahmakdum', 'shah33makdum@gmail.com', '$2b$12$D74rekgDEe8CN6iCdiz28uOkCJ7Jd.24GJ5EEG.XN5cP8/8pnKZYy', 0.00, 'user', 1, NULL, 'jGc0XaWK4VwXrp_7ZzJ36lIGrUCBSR6CjMTPhub4', 0),
(181, 'KingAjaz', 'kingajaz780@gmail.com', '$2b$12$y7PR0x9E3Shxbs/RCO0RUeFiD9TA3OxW7Bbe/Bnfl.ZHq0zvwxJM6', 0.00, 'user', 1, NULL, 'HByw6r_3v7-tso5FqRXGgesaChFXy_iFRW_ZYDzf', 0),
(182, 'BertrandHoule34', 'BertrandHoule34@proton.me', '$2b$12$dVG7vNwq7yPb3N47tvXdaeSAX9dPCogvU7q1UKo/ap2CWXIg5nca2', 0.00, 'user', 1, NULL, 'UCLkk_NNRqGwwc_dN2kc9BesNR2Nby2Pap9sHGZc', 0),
(183, 'b92awlnce@mozmail', 'b92awlnce@mozmail.com', '$2b$12$nqT5cxPD9fQsXY3qA5eSDukn0ARNkm3lMk.Li5cJtTdTTW8Ax68kq', 0.00, 'user', 1, NULL, 'XKK0ArPvuvms8STXN4UXXk_DeGlvfaeAZRbTf66A', 0),
(184, 'SaifAiyash', 'saaiyash01@gmail.com', '$2b$12$DCWfKOkt4idq1d9ClokOXegWlWfx6E2OrRDQPTQaCI1onXmpApEK6', 0.00, 'user', 1, NULL, '-pqhZqxBk8OoXCSXcRw03l16M_r5NSqE4RaI3n-K', 0),
(185, 'Nolabow', 'lisablackpinkstan123@gmail.com', '$2b$12$mujJOWy0u6Lu9QxHsuJOcuCgbnMqdWpARd2Q9B7yum0AvzHrQiZWS', 0.00, 'user', 1, NULL, 'j9CjyvYg38347XVaQaaEgUoiM9UQe5F6FD6nrijN', 0),
(186, 'Kareem Ammar', 'Kareemammar2025@gmail.com', '$2b$12$V7YQnALbaCpyYDmFnf2meuW4j08aSuJVufl6M2l1rgUAsbCckMoHG', 0.00, 'user', 1, NULL, 'UZBqg3_q9UuV0HyF1Jqo7MnNg7V9KhG1wfgabPHv', 0),
(187, 'Katiba', 'katibabrian207@gmail.com', '$2b$12$yUUrpknU0vEM08.ct5Jnhuxe2wSTevK0xcIrStRACupQP2cnpcpaW', 0.00, 'user', 1, NULL, 'zv715aQUNjBqEaF72PX3qamL6-fP491cedu-yqCB', 0),
(188, '383002044', 'qqq383002044@gmail.com', '$2b$12$TEOlD29mgpxcP9njfGbAteR4DroGIgcFGP/zXt6CgkgyoYMt9Djk2', 0.00, 'user', 1, NULL, 'QfAcGVRr1tkELEgnRldU3SAaKMPyfBOIoOzs5RTD', 0),
(189, 'belly', 'bellagray506@gmail.com', '$2b$12$hGqPnNDlD2TZ.XQY...qO.5aGuogfXFmgecuNfa2phRcTBDDdIzh6', 0.00, 'user', 1, NULL, '5xYFgmkueLrfNROFGbyOocterLU3MA6bw_uOe3-t', 0),
(190, 'Tomasjocef', 'tomasjocef@duck.com', '$2b$12$JViK4KyrsRW8g9OIL7nK5.L1Umrp2IoIdxA8rbFp63blt7kzISqg.', 0.00, 'user', 1, NULL, 'dO8Ys9lMbn7kKEUeF5YoXBKM-KpoDdGizgh51aYw', 0),
(191, 'Poundssnr', 'chinedulinus09@gmail.com', '$2b$12$OVPXbkybGX4fwJ1UoYLhzuNbeLAqmI8Qbhj/A61A8EoE/KSYs.uBi', 0.00, 'user', 1, NULL, '7xuopyblAgWmwKPjxDYYVMT274o4JzWMHI3P9hxW', 0),
(192, 'toukir700', 'toukir700@gmail.com', '$2b$12$O4xjy8KnKQw9QWBfgyikG.HYmdZegtZDkfPk.aEXZbWlqwJsy0Dem', 0.00, 'user', 1, NULL, 'dySKNCfh7KNDabgD1hjQZUEHU_4wqZjtZGEz6VAS', 0),
(193, 'loryoana', 'loryoana@yahoo.com', '$2b$12$lQPXGawxjODxqlGcBNY/r.7YMIV5XQH5QyIRAPjrQBGcLxCA5.hni', 0.00, 'user', 1, NULL, 'tAmp4Qvze3Buywyzc996wxXdUNSJCoDqox1ExkFX', 0),
(194, 'novadp982', 'steamanova@outlook.pt', '$2b$12$rjVnTTfP8Kb6kjS4dHDq6e1uYPF.FAu/x.c9RuNDS7whKXyJEslmC', 0.00, 'user', 1, NULL, 'b9YAwq1GWr-ZV9HgjEAdzTgTUUkYZdPfq5RIcuTp', 0),
(195, 'Drayson', 'bestentertainment57@gmail.com', '$2b$12$QllV/TvNJIgK9fBVkkgYc.TMWn/520hy0ZRZS/T4Q0FaBwrTuFxPi', 0.00, 'user', 1, NULL, 'Uf2hwxmkp3NvqX79bUGPYH8hfY-JNwV7BJH-g-Cc', 0),
(196, 'rize913', 'harisramadhan620@gmail.com', '$2b$12$A6fBm66eIr8kNWpZEg2rK.oMKnBKQQ7Y6nOu2dEhonOVZjCHhvtaO', 0.00, 'user', 1, NULL, 'NdYF_O4w3ZeRiDBB_FvT1E3CM0R6IWLzHjrvJWIS', 0),
(197, 'FRINTHOR', 'finworkformoney@gmail.com', '$2b$12$4LDONvmo5liYivW3I8UzleYRmQxZYeBZd6uzobY2x1RpT7zzqWLT6', 0.00, 'user', 1, NULL, '3aPPveNMNR448U5qQf-ChaaWh7sG0kqeF6HpdV5w', 0),
(198, 'mr.adambioom2', 'mr.adambioom2@gmail.com', '$2b$12$gOG0vvtAd0.LNl8WlVkSWe0j9GboY3kwrPSZzBlHh7dSgNu8GT8N2', 0.00, 'user', 1, NULL, 'od722vAb0QyGR-Mht_CgWOExnWYSpVVVu67eIuh4', 0),
(199, 'Sarah', 'sarahlop908@gmail.com', '$2b$12$2KCTkMba6ZlsPEBs4rIyO.QykfIzP4mxJGHkU.nY1t93.4qde.bUe', 0.00, 'user', 1, NULL, 'gCYznEBOyJht7rGoAxZbzXXhkj46FfI83-aylneM', 0),
(200, 'trunksyi', 'vinacfproz@gmail.com', '$2b$12$bGWRE6DRqHWlZd3SFV925ePLf0sXxUnO1BMjY.XJ8GTKBHOmxsiQy', 0.00, 'user', 1, NULL, 'mKgER2BM2uKI-iYTB_9GOpjao4IpVVG1kGl1cxlJ', 0),
(201, 'guwedwgdguw', 'wetestpayment@gmail.com', '$2b$12$rQdoA3jom.bx4qnGuld6OO1Bgp3c3uFnkj0qSF.IXA9y4DMHQ6DBq', 0.00, 'user', 1, NULL, '7FO0luzccIw8TCvsMq2lByOvH9uj_7eVICbxZq8o', 0),
(202, 'workalee', 'work.alimirza@gmail.com', '$2b$12$MvLP7iXwaaDez1Rb2F1Inert6Ki/lB3ij86GaR.WZeLLJbaIWhHjq', 0.00, 'user', 1, NULL, 'xgUW4__ndeZfFZieNdEp8h7DRzQxFp9Ai33yHLkQ', 0),
(203, 'Jason25', 'theprideofgypsies0@gmail.com', '$2b$12$2X0GLEnWOEvlqaK0dtpLCehiH3m4mA5ZFc9i.6FWjtPS7U8wJQMqa', 0.00, 'user', 1, NULL, 'bnz_YulRtJZOCX_glz1baA0sdcbyhk833LURcDMl', 0),
(204, 'Benzy234', 'benzywirefunds@gmail.com', '$2b$12$2enW1g2YouaSNS0j8YBxQOMnCbZpHHyjUCaPBs.1RVHfRutbs7oR6', 0.00, 'user', 1, NULL, '02wpHOWLj37sIe8CSBGQgDTf4FBUBgK9S1SkNpL3', 0),
(205, 'gitgitmax@yahoo.com', 'gitgitmax@yahoo.com', '$2b$12$muO7gFUdF2fuY0xBye5kTeo7Kgb0pKwG4PZ5Hyn/gjP2z22R7t6d.', 0.00, 'user', 1, NULL, 'pb6rh4Dk-ZVsaw9tGYX5wTBrTUviD6nv-OMSG-xM', 0),
(206, 'Vincent1111', 'vincentforwin2024@gmail.com', '$2b$12$pzQT0ToLb5fmo6nZ8MTql.qlNV.ZBu80xh1TcUvHP2oEo7p71pUdu', 0.00, 'user', 1, NULL, 'MvBWOkCXO5QSVaVQVPKR8_f1sV8VEeZ8t3QiRcP4', 0),
(207, 'rafi', 'rafi_malou@proton.me', '$2b$12$eOpP/b8gna9UKVqufxTumeL5P9L.YCz77XGmbff43kAy6DW3NhhXe', 0.00, 'user', 1, NULL, 'RsWtTqezy39FyiOSRN_NF-Sxn4HaElaxY-0bAN1o', 0),
(208, 'qvqiqa', 'marysierer1955jane1@protonmail.com', '$2b$12$a6KQr98.PY2vJPaWQV5q7eLmDheq5Abg9em88uNNpBj0rjRH86aK2', 0.00, 'user', 1, NULL, 'oqg6XlNQtwrAosXWUwiCKxqrCHt0t-CGvT80v12j', 0),
(209, 'Rocketk', 'rocketkcutlor@gmail.com', '$2b$12$/EoNOYOMqHM4pSqNV0AaWe64RyCJbIiXXrQqHKAOZ3iMq7.CGgZuG', 0.00, 'user', 1, NULL, 'BaG0bEWzLKIQe8MYHChe_wUEd0JPhxgNoNd44Znz', 0),
(210, 'admin12345', 'beheskwk@gmail.com', '$2b$12$AzfN/FS9Z/g03PIpNa3eF.Qf4xI3V4h4SUB7Z9a3i8vvQQJHwmXZO', 0.00, 'user', 1, NULL, 'aG_tkkYnsIio_N28okrv6_DH6A2jrPHQDKuUK1Lp', 0),
(211, 'huoxing', 'MaiHan6q427u@gmail.com', '$2b$12$Jc.C6X0A4dGceOYiWg4G0OAi7wriEBSIMQvVHdycnZObRtedue/a.', 0.00, 'user', 1, NULL, 'c6ip0Vc5mORbFlVbB_u68yuZFAw5J4g3ko5K8iri', 0),
(212, 'romnation', 'romnation@gmail.com', '$2b$12$q6AuGbqnWonH0lYAssyJMuSfunaCPs2/M6PJUw3HGOnDKBhahJriG', 0.00, 'user', 1, NULL, '2-jqvAQe9PvLw90I8FIP31_w0lp1QtCjLX3rK-Z4', 0),
(213, 'lylyly', '978824747@qq.com', '$2b$12$dglCLPIRXawZRsaocCq0u.i6ZxcnXKmXa5JrElTaOY7x3gTcIFkHq', 0.00, 'user', 1, NULL, 'HKikwHMriGud41_c274n8zG9MUDx5gRGA2yuVHa5', 0),
(214, 'AcidSkillz', 'fnafpizza123@gmail.com', '$2b$12$GluP8eVQoHIxQQogC08/fOuyi9RfZuUqcjeohPDQi2ZC1IT/Olu.i', 0.00, 'user', 1, NULL, 'Jat7PEFRo7szT4bgB5fmVEluka0cYxz_sEFDNfl7', 0),
(215, 'rembolan97', 'rembolan97@gmail.com', '$2b$12$6oY3xIGcYh86V7Hvacw5J.mJpcrsTq/6sgC0wDiZ.NQT8aMlO5LBC', 0.00, 'user', 1, NULL, '5RwA_90juIfa40xIurOfYjRC6xhtJX2gH46yhlry', 0),
(216, 'Allimichael', 'allimichael421@gmail.com', '$2b$12$F8/LtI4FEh9sy4YVMXYO/e6QgiRPn9AapiQya11a6XW1cwWRDDvpC', 0.00, 'user', 1, NULL, 'oQ5YJ454ZRz_HpdYsxNMT6y7iuYcgo2GO_ylZBd9', 0),
(217, 'Adampisarsky2', 'Adampisarsky297@gmail.com', '$2b$12$2r1MZzEoABIzE2P6KkJmPejaedIrWOaWFBCuBOqVm6D5CadZGzs0i', 0.00, 'user', 1, NULL, 'QiEhLglsJxoFdkXlB7AelPdKOBt40BC9oewncoJQ', 0),
(218, 'It0na', 'esteban60200@gmail.com', '$2b$12$Hsiyo6ok9HK.qKN1d3hMluMFGq9Wuv8SkTX51TAmI8cxDn9zMzkou', 0.00, 'user', 1, NULL, 'ZlMPZGe0W9xYn_I9zArsJF6TH0WRWo1nSiBymRy-', 0),
(219, 'naijabuzz', 'naijabuzzmusic@gmail.com', '$2b$12$g9RUodY9Gbv1kgvnId21NOOwbMQDRwmj4eXZ.GjqP7iKm3nfucQGq', 0.00, 'user', 1, NULL, '1m7uVM9pKLKnNiBvNoCgRDIpDdnPA1rQzmxhy7Ir', 0),
(220, 'DarkOnek6669', 'zove64@gmail.com', '$2b$12$1BIPGgwmQ.bABIaFYlupuehigAc/QT/rbkmTHa9qzIPRdMpN4DWWK', 0.00, 'user', 1, NULL, 'nGr3vOO8opIHGcLBzjGD-13pBYkeYRb-hKwt8BTY', 0),
(221, 'Mohtag', 'mohtagpp@gmail.com', '$2b$12$H0GKpR9qmqaR0MIwdHrIyexLZz.om7cPZ7GY3fhiO0K.nHx.8oU9q', 0.00, 'user', 1, NULL, '3z_bYFVTsPMe3-LjsaEo_MF2rGcCCman1YhnstUf', 0),
(222, 'abdelhafidhkhafif', 'khafifhafid@gmail.com', '$2b$12$YSXn5FK5Te35fzXLA0jq..sEcW8qOP4OCxwZy0KVQKG8igi3l1Rzy', 0.00, 'user', 1, NULL, 'oCajlFxmXtZOds5dmo1UvRJs77AjsRnpgEdzn0v-', 0),
(223, 'mega5408', 'rrrgjij5@gmail.com', '$2b$12$xVfZDmI6e8ovdGZX3qkEVeR6xoDr0Q6/O3PhZ99xD9vz5LDtq2bpm', 0.00, 'user', 1, NULL, 'GGiHYfpQ1bDyX3V0dQJ7TPNf8A462AgjHBgt9GQg', 0),
(224, 'beni138', 'jawadyounas138@gmail.com', '$2b$12$E9gUJ..tS1Q59qcgjQUia.PmNyEvJaGVGdOD2diKi3qpMu8WOmRgK', 0.00, 'user', 1, NULL, '2YHFjbVHhXuT9eEhpgYcTGMvX_Rb6olg9678054f', 0),
(225, 'shantobb', 'shantowork7@gmail.com', '$2b$12$FLSR73.9hZnhR0JVmTjtvOjjSRdDIAQ4ZeMbKOhctkezi6cZghJdy', 0.00, 'user', 1, NULL, '7YL-f4QI26NAVo3Uqs32XsBSuzUhrv0wY4e-xb8L', 0),
(226, 'Afeez123', 'ayo762101@gmail.com', '$2b$12$H/O9KVyab4TIDdw4NDt.0uSrKOQ7lBAp6cPlxcCjFaaSb5uJn8f6C', 0.00, 'user', 1, NULL, 'XTTnebAXi_wWeQICIhnMP1iahyBrncxZARc7t7qn', 0),
(227, 'archiepelago7', 'archhernan7@gmail.com', '$2b$12$uPcIxjCDiNdcX5tMwY5puOrryXfxrmLyvrHpZQ0g.uMlvvhUsIhra', 0.00, 'user', 1, NULL, 'BnzNIUz6nxl88ni1SQTCsalFKwgwYwjNOmEJOmZM', 0),
(228, 'robinrabbn', 'robinrabbn@gmail.com', '$2b$12$z0eNM1iHut8RFvZdbqDaLe1uhfwx5zyZ2qYFcQ8FmNxd.9mYYnL4e', 0.00, 'user', 1, NULL, 'WUMDm7p2FhWeCij3RecfEPuVBDKcG_fmdMq1NUNC', 0),
(229, 'tomasteven', 'tomassteven307@gmail.com', '$2b$12$OVXipJQl6G.Bmbs.xP.BEevzYzPXQ3vNwUFQOBuHmHeq5SH4LVbc.', 0.00, 'user', 1, NULL, 'rFztVHv_eR79iTMER9uXbpxNKLoIhIpzMl6zMckG', 0),
(230, 'Gio houssem ', 'giovanni22111994@gmail.com', '$2b$12$6Y10SLxSWTYY85FcaBbE4.Q2yOXHxDqavAzLkn74r3JTxqtP2A9u2', 0.00, 'user', 1, NULL, 'XcgeMGFUsR8e15MTYT7meMUodv9XzrOC3yrPrZRU', 0),
(231, 'nshanaka62', 'nshanaka62@gmail.com', '$2b$12$BcraQ4uXdGIy2wZFQXkjduYveM8Z41Xwg/Cogu3R5wcT7n76RttYy', 0.00, 'user', 1, NULL, 'qxmc7Bkqh9tEoQdXOO5llm1tzRmanfFiSt8vbpHp', 0),
(232, 'champ09', 'paulmicheal156@gmail.com', '$2b$12$4prewLBflEeyyxfXaPMSHOl8C08GfAjzG5z1WHt5/tisckLX/RdZG', 0.00, 'user', 1, NULL, 'PFRajGpht4NH7J8FR9SLlXtKsFTm3UaRsuV1yxCa', 0),
(233, 'lonelyspear', 'wisdomgadawu8@gmail.com', '$2b$12$kieyjezEJTTyMGW.LKpWJursQKLSo0XW0V2yuPwylhz/Z5vFKPh0.', 0.00, 'user', 1, NULL, 'sqxiQLsodR7wnTHo4YQ5Ko9B6T8zzezVqsudNH4X', 0),
(234, 'Yellowek', 'areczek123@tlen.pl', '$2b$12$IMhGtq3t8AKAk8r22T22KO1PeP589A9zPSknoCp7mS9zyJxL4MmHe', 0.00, 'user', 1, NULL, '1DxQNBtxCqLPABERBTDYzRlPA9_2Fd_d6d97n7xa', 0),
(235, 'limeantonietta', 'limeantonietta@comfythings.com', '$2b$12$05X1QtcMElEvOtGswD1xZOZ00XIpaq9ApzgS1yjJv8jVlPOMXxHnK', 0.00, 'user', 1, NULL, '2NsSdmEPIBg7oIHAJjf51YFXWuMEFTA0qL92qLzq', 0),
(236, 'jake0182', 'jakesimons0182@proton.me', '0', 0.00, 'user', 1, NULL, 'QOvEbkiYnRgvIlEepzNQXCOeKRuM28KQ5HSMZ_-Q', 0),
(237, 'pigman', 'pigmanpig2@gmail.com', '$2b$12$IVppIVWWTZlvImnLQkKlcusprJpXntRgCw2ub352QlXxS1t8bPnSG', 0.00, 'user', 1, NULL, 'r_wlWHBNrQcoqY30VyAlsnqinHKmKnCx435NrJDZ', 0),
(238, 'GDench', 'geedeeprox@gmail.com', '$2b$12$0YNSUI54lIw02vcgfpdByOaj1PrLpsqcyFC9IPNAatVndZ4pQki2y', 0.00, 'user', 1, NULL, 'VDOcJUAs4yK-zYLScIU-64xnCCo9mZJHmJ5ccUSY', 0),
(239, 'petyoichi', 'petyoichi@gmail.com', '$2b$12$IJrRaOl.12qzT62XUMZncuBCiNitUyIn6sN4zM5HOplHjO6y0qi/W', 0.00, 'user', 1, NULL, 'QKyOnod0DuWNareitDMTSvIaUqsRfFdKah6D7kFt', 0),
(240, 'Micheal19', 'michaelakinola65@gmail.com', '$2b$12$ep/rdhnMq71Lwy9jIpFsxeOIHIRPgdgx1..jMXLfb6gerjkoxL/uK', 0.00, 'user', 1, NULL, 'dC4b_x6RhjthTmcHJv2WyGM4WofpGmpDBYok8bFy', 0),
(241, 'sarwar055344', 'sarwar055344@gmail.com', '$2b$12$UivzsjcWVx8nHe2WDV9iwu0aV5ZoQPqsTBjUT0CgTmBbJZW2fHVzG', 0.00, 'user', 1, NULL, 'KYMEMTo7Thn2M58CjoTZm21oCznfhaTnSjq7MI6Q', 0),
(242, 'Marvin', 'weyweylazine@gmail.com', '$2b$12$l07j0DEifoCCpwdz5cwxAec9PAgqZMFNFKmRuugg5kkbct12f.HoW', 0.00, 'user', 1, NULL, 'zV4_ENWSPkAQFIWVVMCHaAODBoCCCEonJ7S6LqcB', 0),
(243, 'Leeyah ', 'leeyahandrew9@gmail.com', '$2b$12$VmjT/j94k81Q7leLmiRU0OLll6nIYiI36UCcwTC8iomB6g1lkT4DW', 0.00, 'user', 1, NULL, 'hMQOuSMbV_YZICIi3bOvlHTcRik-cHW23SdwDG_Z', 0),
(244, 'A fu', '188815046@qq.com', '$2b$12$spwj8sPjtDMYXW.9Z59DZuQR4bF1npWpTO7ZurB5AaEubi3ia7Oc2', 0.00, 'user', 1, NULL, 'fkzRuMUdYLuiHtl-wWPj_SrF77O2WK-U3MNEkbQa', 0),
(245, 'isoka', 'lsokagame69@gmail.com', '$2b$12$m0hGEW9w86mngCX83jzSC.We6RV8nUWYLUoxiHFjxMOR5RWEHedFW', 0.00, 'user', 1, NULL, 'ZtsfIKevJAf3TyIU7NPpTH_bRGOuT3OD0Lcw_xl8', 0),
(246, 'Jay2200', 'jaysscott220@gmail.com', '$2b$12$n5BnyuVs.DVxk111aa7iIe8xLoFipRzyTV9gmcvvCQMckkSZPejym', 0.00, 'user', 1, NULL, '1Ua52MvtglZvMwkYdOv23h4GAvaSttPPjbNj88wn', 0),
(247, 'gajawa2741', 'gajawa2741@kudimi.com', '$2b$12$gP/jdCnEviB3LQjLE/b0DuClUyoQpQ6M.TkNkR9j5BCSPVLUauZ2y', 0.00, 'user', 1, NULL, 'pAewaQPQQuGkcuNstzx4h2SXeiVaWzdlE84vjVVv', 0),
(248, 'kr3zn1k', 'jesusrafael9313@gmail.com', '$2b$12$3cItB.3rFvvGWk3iaPX/wOysHsuHEcGkzXP7rfF12CLbjyjM/khei', 0.00, 'user', 1, NULL, 'FppaGSQPIwL9CvMjBUh9AUOyvneCqFjw_msGISsD', 0),
(249, 'ahmedramzy', 'ascriptmedia6@gmail.com', '$2b$12$GQqoGth5LxBriSHM6mArsuZ45iB4FMh9Gr/0YOSgt9fCJ5f.bkiqK', 0.00, 'user', 1, NULL, 'RCiJwSPcrTMZerdA_12VjXB7xrkfyogePy4Wz03_', 0),
(250, 'Evelyn2030', 'evelynosaroejiji24@gmail.com', '$2b$12$v6GG8jRWD6muznKDbxIhOei5Wlzr5UZFW2xT4Vz.oyG09/iVRNime', 0.00, 'user', 1, NULL, '_U-z-LlJjLKLMyFOWqk1mMWR1LBg2dVjdBVjb_9b', 0),
(251, 'Jahongir', 'jahongirzamonov378@gmail.com', '0', 0.00, 'user', 1, NULL, 'GcT9ZtbN5xp1d3jZpDcZf_vllEGrjiO0qI0tEenZ', 0),
(252, 'Jah', 'jahongirzamonob909@gmail.com', '$2b$12$EB0szLuwiwGCiU1e7SUWtePc/dACs0kjQFMlvQyIPR.ih5hvbJprm', 0.00, 'user', 1, NULL, 'FyvZDEPJbFxOoTCvrwZ704p8GaLkrBvyyn24RgV2', 0),
(253, 'Mrricksteve', 'chidistephen60@gmail.com', '$2b$12$H.56QjRXS9erX1fEYfiKdOvCIRyId8yJOMJYGb4DkQa5h.Gq4swsW', 0.00, 'user', 1, NULL, '_oBUlfzXVeoFkSEU2bJtUruJyNnGbMHk20n3S6q6', 0),
(254, 'adali909alinad', 'adali909alinad@gmail.com', '$2b$12$vcyytsYsQMwROnGIFWxlROj4/L7At.qIn13qvQsZIgwIBvGRoRxr6', 0.00, 'user', 1, NULL, 'mAgBkh2cpzTM7uEO6oR4Bz6eS8Sto0EQ9SqA-4r0', 0),
(255, 'hasanuzzaman94', 'ri9418ta@gmail.com', '$2b$12$gO4ER15uRgXxCFR2mTsCwum5qpOKP2rTg59IlSPaolwfnSQmIPMEC', 0.00, 'user', 1, NULL, 'bvKUvhgwsaemtbRbmZtrQLFOz3kbHsBYYDCt6Axc', 0),
(256, 'mdshohel5ana65', 'mdshohel5ana65@gmail.com', '$2b$12$oNJ2upaLikvjiVA86iqKbuGxmzw5AFhWJi0ks1W5O8.7MUBXZcBYu', 0.00, 'user', 1, NULL, 'B7d4S0UTyJBUJHciozzavtn7QGA-T3-VSLVWq8ZG', 0),
(257, 'skype', 'skype.unnerving974@passinbox.com', '0', 0.00, 'user', 1, NULL, 'uJIM7sHj0rce-9lsPzjSpx0qM_ao06oNbGLo5qDp', 0),
(258, 'luckyguy2024', 'michaellucia940@gmail.com', '$2b$12$kQl.Z/D4x5r7y50LQUn7UuwbsBWi6AbsalkL/kItt10qOL/J.jdTC', 0.00, 'user', 1, NULL, 'k830tt8cS1aiEosqpTAZv0EO2FhXzPYtydVHyzPG', 0),
(259, 'kalidnino', 'khalidnino41@gmail.com', '$2b$12$GttkTSPhRwxL9Rs8tBSmS./A/inJ6Dv8H4EhPvQxGXN1VqmZ8uk5C', 0.00, 'user', 1, NULL, 'KTUrUrCdSVjbpL2_8jairtN3JaVPb2haJCD0Fy8d', 0),
(260, 'Nathan', 'd.oegema@hotmail.com', '$2b$12$a43c8ItDmt5wH3miPNqo7.Bi8AngZmM3uEnT8oqvJqqX0WB9TtFAy', 0.00, 'user', 1, NULL, '-0tkAVfJQOBrO7J7DNbpTYbGNymZ5RUlXKn1dZhZ', 0),
(261, 'ckjohnsons77', 'ckjohnsons77@gmail.com', '$2b$12$.5gjDNfCNu/JRClbQrsyZOWZev.Jrh2jqCvsjDMQKwkQpRgMTPIma', 0.00, 'user', 1, NULL, 'hK9GS0iJxMO1vG06-t1z3LqA20mdbW-lhEb24YRX', 0),
(262, 'usman8268', 'kingofthebadshah6@gmail.com', '$2b$12$oJo6iVP7ka65xau1L2br6uFKeR5OXwhhuLBNrBGeZZ5h5WCbuyfUC', 0.00, 'user', 1, NULL, '8fFCk6EiR8_vGa990d_UEYR5VYCLzgowVwpZ0JIm', 0),
(263, 'idk12345', 'idpontop@gmail.com', '$2b$12$lDCb0F8hKHoy9g7Mu8o3tuGb6N/atX6xuuOYsTRLrTKomchI9oWry', 0.00, 'user', 1, NULL, 'aZ7EWAYUsTdBYjS0lNtGhvF2N27BUsEU3XRWYxBj', 0),
(264, 'Yusuf ', 'yusufishola081@gmail.com', '$2b$12$yVOUT5v7Azbk27MOCAuc.uBSo/1XDbuEGt7D5SRbTrvJkMsHkmw6G', 0.00, 'user', 1, NULL, 'etVu5O0ztpj1SK2Hu7v1DPFX_4bj0vSoSAk0jkbX', 0),
(265, 'shihab9418', 'hasanuzzamanshihab66@gmail.com', '$2b$12$I/nB1/VSdcdwDqwCUbf78eXP.UuhzlOOWpoJROyCHxQqcwoPP7mPm', 0.00, 'user', 1, NULL, 'is4ZRSQLoESSIdXC0zMObaL0J6GiELTHBacydmyV', 0),
(266, 'azim', 'musaev219011@gmail.com', '$2b$12$9OGzoxSWFGDZ2YXBIDtsxevfwbYKcmCy8ab9m7MSqhJF9SKFdYX8G', 0.00, 'user', 1, NULL, 'SnIi5QN6pkASuKUUw1tg8sS4FLKYTSX1vCrkIT15', 0),
(267, 'pasha', 'pasha722107@gmail.com', '$2b$12$5Yd3Q1TWEy1eZLRMrkl8j.eK2O3EqJMX8IuIZiBjUEtizweCbKtPy', 0.00, 'user', 1, NULL, 'FmiaPSyH1s7VTXgiSaXgYNbaXsIHdi-cZTQwphyg', 0),
(268, 'ginnybowen', 'ginnybowen@arenyx.com', '$2b$12$TIiAK31o.D1AeP0mwYc7I.X6n19loomWe5gg1bDLEtjt/fmRleg3W', 0.00, 'user', 1, NULL, 'SuueWeB4DPw5VJBhFFlsZ-ISzD1u3WR4wcS2ilq7', 0),
(269, 'huangxiaohu', 'huangxiaohu00@gmail.com', '$2b$12$TWkn7UGPsY89p0GQNhwENONM9klodbQH6YyW3zFN83abM0az.1SRG', 0.00, 'user', 1, NULL, 'pRnOM3fozg59GlCQFwSI86O09keuq3SE4X5GTaka', 0),
(270, 'assente', 'sabtruccatore@gmail.com', '$2b$12$gVfDhIT0cgh5NdUHkPhmge6FcUqPaWydHZHxTvw3DhnkYTBN2zzTS', 0.00, 'user', 1, NULL, 'dIUZdIcw42MkTUFzjkTdnwsCIdFiQHP28SlLOOVL', 0),
(271, 'Topper', 'ibikndubuisi@gmail.com', '$2b$12$uur20.9uJZhR.ORDED4dx.FBWqJmRvIZLrBfjmH/3cr/HXBlkFMlS', 0.00, 'user', 1, NULL, '-SqlDUwIWS9eREiGzgpxVSVVRlEpTGLIw-P86X33', 0),
(272, 'Richard151', 'richardalabi151@gmail.com', '$2b$12$FFkc8eZ5yRbQVF1ktSt2feQyMmZ9VlxvUJnFPGk7gTaFmXwIaWMC.', 0.00, 'user', 1, NULL, 'ZXh0GSLUDcuAKISUgLvvtpxUpz4kej5OwHIlm1cL', 0),
(273, 'chikaonu', 'chikaonu202@gmail.com', '$2b$12$1Xipnxl7FRoFrdaz59ax0eneKfEMhNMRAF3DFPBzhjdXyqDufiIwi', 0.00, 'user', 1, NULL, 'ttOFdXUlNZveW1vBkHBIbtu93J9jaMmhnH9m4Pik', 0),
(274, 'Ontar', 'ontarkhan14@gmail.com', '$2b$12$TWTRqviogX6IlrVwPN0doew6EDhaaQHebd7t4CQB8kGMMefroizSW', 0.00, 'user', 1, NULL, 'blSkwutuWnRtOKH88t4tMIz0v0eTxNjMzAbyK0hV', 0),
(275, 'Raymond ', 'raymondlazarus6@gmail.com', '$2b$12$lDWqxTiZ9DpPuXlW9L7dTezoguxbYF4BkCzkOXdRs8YPociuEJGAq', 0.00, 'user', 1, NULL, 'adXqE3WuoPDyEKGgOap7RmCSJiMhnlpoo_5UBvjM', 0),
(276, 'bdchub', 'bdchub@gmail.com', '$2b$12$HG33h6zrHVeHamocEQCCBezKqhPnLLAO0QpaZ4W1HXXzYi/1tJRmS', 0.00, 'user', 1, NULL, '7jqawJAeEgR8eYD6RTAE-DszYkVoj6bmHup4BaFn', 0),
(277, 'siam96', 'rmsiam38@gmail.com', '$2b$12$D0w4Z6XYVri/2J1jd9I81ueJ2ypa9ZNDSX41Herl8OGRbxcfSF.iC', 0.00, 'user', 1, NULL, 'zZGLEaF5llRSFO5DzZvOxm-8fdnZlo2G20l181Pg', 0),
(278, 'marychristyetene9@gmail.com', 'marychristyetene9@gmail.com', '$2b$12$/7nYe7LZPO4Vlp3UhE9pv.MxYOQOROBlLypIGxDMyhe4f5AFsET9O', 0.00, 'user', 1, NULL, 'qXcjyehexzMduSvJR05WyE_c1FojpgnNme9vIpsh', 0),
(279, 'Polipo', 'antoninocalabrisi@gmail.com', '$2b$12$KiMdZOUOQK64D5NoW1toXeUljikf2xxEhefHbnkK.mo9NgK3TvIg.', 0.00, 'user', 1, NULL, '08UFGtW_Lomash5diwpuulCBC7mzuVBkZoIv5vsx', 0),
(280, 'Jessey251', 'jessey251@gmail.com', '$2b$12$N0CVprjngLkSoM50OnZhbuV437bwL0kb1c16npQ1iFm991w88oXDy', 0.00, 'user', 1, NULL, 'QesO7IU-BZS1Mma_UAZl0-I2Kg2eROzJihIOt7Ki', 0),
(281, 'mdjibonahmed', 'hadrix8@gmail.com', '$2b$12$T1DJ6eqbIEn44NvXKGSW2.XznDd42IsAHZZPqET/xqGsLOtBraScW', 0.00, 'user', 1, NULL, '3kTNGcpLFxRxJVLlxUHL310AXP80uxqcyhZJJlK8', 0),
(282, 'Lysia ', 'lydiachatime2016@gmail.com', '$2b$12$u.Gw7FzumeE9rfxrNpPAbeNzwegcWyGGbdk1Q75EfUX7kjxVNWsEO', 0.00, 'user', 1, NULL, 'tgjSfWEjwLrkRu2E1sbH1BQv57EnKEyhoNN-cWZV', 0),
(283, 'Zara ', 'ogbonnachizaram123@gmail.com', '$2b$12$2Xep1Fs6MhZLbp7aZsAIDeaSRD2gyqrUx5R/BDuuoPsepFPpk/oaG', 0.00, 'user', 1, NULL, 'oB5SHWbpnKo5Tene2XExFWSYDUzIcRs0IWT5veig', 0),
(284, 'salma2023', 'salmagamal9o9o5t@gmail.com', '$2b$12$x/f7Y4r8C5ejpmVkRUGmeumSf4clmXms4URDOfUsYaMZKKJqzjqRS', 0.00, 'user', 1, NULL, 'QlGG_ByeJmfkMPSt7_mTz6NzNTB1Lr26D9eRdUdx', 0),
(285, 'Lapi859', 'edwincrz0192@gmail.com', '$2b$12$9eMvGSc96/7s.ozLPNoNaeJAAjVN1N9DrmpyrT0A67NyNxzZjSX86', 0.00, 'user', 1, NULL, 'e3akgbKULASyzFpx3S_NGoEH771SCptfWIO6TfzS', 0),
(286, 'jamieb', 'minki920@hotmail.com', '0', 0.00, 'user', 1, NULL, 'XbNzuBOkF3tGLI2d7oIyZkq1p_vkGhXrWsG6xPkP', 0);
INSERT INTO `users` (`user_id`, `username`, `email`, `password`, `wallet_balance`, `usertype`, `user_status`, `reason`, `api_key`, `temp_password_status`) VALUES
(287, 'anonimato007', 'caroline2k26@gmail.com', '$2b$12$1zBAovpAdrFdyKPdGTaCsei9xwVx6zRq7EJwu2.Qlszqst4GDN5uW', 0.00, 'user', 1, NULL, 'r-4JTmOkD8h19gy-hep8maA0RiVbIM84fbMQaSEy', 0),
(288, 'Jamal Greens', 'ghedojahmal@gmail.com', '$2b$12$Jp9MBvpRnPYk67NP.wMWkOF9McIDfUwNtNkQXzFg6N79rzVpWxQPq', 0.00, 'user', 1, NULL, 'solGZj5S8apiSk9wOjopiruzHG_0QMRrujTFZ7V4', 0),
(289, 'RANGER2220', 'sontoblek@gmail.com', '$2b$12$E/cekV1lNOrFU1tLMqv.SuV8OAK4k/M8WKk/OKPrFKJo0iyxP436u', 0.00, 'user', 1, NULL, '-kf380tGcNQi8cxeXlyOurR_H-H5OXUtNGz08yH8', 0),
(290, 'Trkhgft', 'gilthambun@gmail.com', '$2b$12$Sok6tLs6EaLYzGWULKL3re2yINvI.kvYbEtUBTUF.kkvvKsLaLmFK', 0.00, 'user', 1, NULL, 'hiiJdpR4jNP0ZdAKZyRwbSqbJycpOg8Vj8FqTTry', 0),
(291, 'Okamizu', 'solwulf3@gmail.com', '$2b$12$T0r7Vh9Ox7N6tnUbavVKA.g/KqMU6oP/pjL8lgShV4obT.easm/em', 0.00, 'user', 1, NULL, 'A_TpdFKLuLRV_c1JBhdChSokZGa6sLgk2TRLShWo', 0),
(292, 'Agwu', 'kelvingbena@gmail.com', '$2b$12$FuXSMbPaCVGRs56Rm/VS8uDGld4riOdOECo5NpmYT1ppQPb9/ey92', 0.00, 'user', 1, NULL, 'w0x9B5kUksHr6Xzm-fyR-cY9TQWiyYvNLIc8_gzr', 0),
(293, 'anebijoshua', 'anebijoshua@gmail.com', '$2b$12$HNrxpHPz8qEoM4760H/mWuSa4SOg.JJkUepkGzzdXsqzeD2z5cgpS', 0.00, 'user', 1, NULL, 'JpLzc9N85bVjntiG_zkTpBqAgnFjzy1KhI2AXmqb', 0),
(294, 'Akdkenen', 'senen.abelosos@gmail.com', '$2b$12$WGyeEdbsENUQBRNFcrBGg.ouJv/m.xu3R.62tsmhiOL16M4AZJRVi', 0.00, 'user', 1, NULL, 'A3txdlzj3KdqApwkO9bl-KkMXZ4hUPW_XiTrJ0rK', 0),
(295, 'luishersus@gmail.com', 'luishersus@gmail.com', '$2b$12$o3CdL52ucExHq.yPPzQ/NOhw4tey3AomhhhhIBR0qxvoW8TKur8fC', 0.00, 'user', 1, NULL, 'uw_LuTtktllUlvBQLg4LZeV2PWp-uybBN9aIcejc', 0),
(296, 'Kiopi', 'rs.s.l.l.mc.l@gmail.com', '$2b$12$WCUs/3sEE294bADWrUwG7eU.d568Pa4c3BQTbmsRzmkEpKxNRCy3u', 0.00, 'user', 1, NULL, 'F5FHcf0BDczUI7OTnAAg23VcuAEnXpC95K4VbOFu', 0),
(297, 'Bazlu', 'susanneira456@gmail.com', '$2b$12$Mg9VYnW2kuVR8wfAhYIXauP0h9/Un1mCI7JcIG5SK7CGJ6Xfk8yOO', 0.00, 'user', 1, NULL, 'wwABUjLL1tuo5xuCPy-ibwWzVsgXuo148ZF5cX5R', 0),
(298, 'tomascannon10', 'tomascannon10@gmail.com', '$2b$12$YRtqq7YBVr.LQXsMZdGFNOfU55ugRBIvY9Kb3vpCvXcvZQIBAensi', 0.00, 'user', 1, NULL, 'oZ6p6mjxUmfgyc22Pk3RIElzXUXK23CRQBtynTat', 0),
(299, 'ilzca', 'lzca311@gmail.com', '$2b$12$943avDyyHdPHrX156.HT3uoPRVvnImcQ8cQFX8IHCq5a/rZOaFSAu', 0.00, 'user', 1, NULL, 'TzBXdwE4wuZr7MUBN68lPw-Q9DqR4_3QExEZTFbm', 0),
(300, 'xspy97', 'xspyy97@gmail.com', '$2b$12$vrh.vbBDH5/YM7mDVk3kiuiCQKVfJjkPECzWs18g5UY4AuwRro4JG', 0.00, 'user', 1, NULL, 'R0GybXSSkvAdmtaXqH2Q90oRQoMcxQ3TUFQ59J0z', 0),
(301, 'youssefsayed', 'youssefsayyeed@gmail.com', '$2b$12$I0P4F3R3iWNvFXMOTYBG4.j67xZDOWWsEDmhRVppxWdGKCx2Glsam', 0.00, 'user', 1, NULL, '_FSium8eokhEsnuEr_0pPiIZDzQ96HikAj1mYUoJ', 0),
(302, 'cedarsec', 'cedarsec@proton.me', '$2b$12$GKL14fzg35ZjcSe44/vuuu89QZ/BUlBLsClBD851L9X4jU/jLUeBa', 0.00, 'user', 1, NULL, 'NJhiJXXWjnQ_yVS4tD4AnNhSDZWIP4VOVKS5r-kf', 0),
(303, 'Ali6726', 'mopwnen@gmail.com', '$2b$12$TJ0g8pbwGj8OO4J8h4.DyOgFwE0.fXfYdzsd7EKV54xYQujCM1VZu', 0.00, 'user', 1, NULL, '7IEHFnZ21UaKsijcuuS2VLxtBWSU15mE22BMscar', 0),
(304, 'zhangwei', 'minmuson72@gmail.com', '$2b$12$kTGSYNuf1TLsGPkzPVvOouempSKXpF9g7xSIjcriiuRNW2.zCN71a', 0.00, 'user', 1, NULL, 'ZUF75ySqZccYDm-Un5xtWyZN6mSBljfTQkqVz0jF', 0),
(305, 'Remmo', 'reemaso2025@gmail.com', '$2b$12$n.BmoGREH6BnRl6ZovbPceFPYMn7KNepkyvkcd66T/KcvBOiNwyym', 0.00, 'user', 1, NULL, 'SV5D0ACuqNyetzxFU8hDmtAlQbcuRruvDR4wJQ-I', 0),
(306, 'serojaBiceps', 'serodjashitov@yandex.ru', '$2b$12$Tc9ecoS6JZFa.u1XZr9ZC.KtR/kJRauS5jqA8KZ6dFBoX0CuYevgq', 0.00, 'user', 1, NULL, 'lxJ5hsQwG9Im8wcLNoWyKBVFqEWzFnJN_3j-ILru', 0),
(307, 'hartmin.klaker1972', 'hartmin.klaker1972@hotmail.com', '$2b$12$fvu9pIVnrrnzNkOYikF59O2m7uevqY1ks/ZCTDOZIZB0Wg8Ovclz.', 0.00, 'user', 1, NULL, 'whXqgsUf8yF36TFi8fafqWt6tBRaaPfxJBGy-Yba', 0),
(308, 'Joossef', 'me.youssef10@gmail.com', '$2b$12$k3cyIKti4MnKyE/m7oscWeXdf9T67wzSnzCY4GYRNTEg5MT5Zd48K', 0.00, 'user', 1, NULL, 'FZtIm5etmGsAe-EmjXOpT-b9TqJah8dR2SwmoEVH', 0),
(309, 'Fmahmoud', 'fmahmoud2211@gmail.con', '$2b$12$MdgikxC3cifsj51xFeFes.clFcKLebOsD0vr.Dd8PhfxVQwy602AO', 0.00, 'user', 1, NULL, '4jP6vaDsSf5uMxCRZ9jynYgAoIqSs5GIqaeXXoZk', 0),
(310, 'amoretterobles45', 'amoretterobles45@gmail.com', '$2b$12$Jqt5rVs5E0int9HfW/MbduuGqFBgyZYvEgx4il5lpJA/psSV0aInG', 0.00, 'user', 1, NULL, 'H5uMRYhLk64R2nRUnGLrZfupnQPHhqhrBW4izD9s', 0),
(311, 'Thomas', 'banholbit@gmail.com', '$2b$12$hkTR/4Ytt3Z3vNWQsftwnOy0Rcp/EZl3CFjwcwvZXDlAupU.Zs6wi', 0.00, 'user', 1, NULL, 'rqw7WXDdbIZe9lt8E5iWKeRMwtY2__tcmknuDibl', 0),
(312, 'Billieeilishfan27', 'fanfinneas713@gmail.com', '$2b$12$nAJvu8Fpwd8oBXYvp4ZW/.o4Kvesm1JB27TJcDsbtpsfrcgHbsI0e', 0.00, 'user', 1, NULL, '7qtJnRGzhhJFqAxKubVNRLYlh3UgZlrion_dB2qa', 0),
(313, 'esnriegel', 'siox.allah@proton.me', '$2b$12$c9TWbVmi0nbWbJo/NYGPfeMDtXWNqLRLP5o/WMqTcoIHgX634aSWu', 0.00, 'user', 1, NULL, '7qKvCCaKPJKC_bSbVCZE_RF6d-H92Bgfqaufwn5A', 0),
(314, 'Cesarmedina04', 'numerosvirtualescrowd@gmail.com', '$2b$12$cFLaQFVxIttpvT.NeFeVp.oaYFkThAKNATzKFFj.ozefA3N3N1lMe', 0.00, 'user', 1, NULL, '4lTExTQZ7Pyz8Z2J0xX3Pawzn45PgHbbB5XfQ1_U', 0),
(315, 'ivantata', 'miketysoncr06@gmail.com', '$2b$12$gRqTrjtVRWFsX4hAQfJYQuXD66mKyynpstk.gUknQ2HCFALNrieHe', 0.00, 'user', 1, NULL, 'iz1PpdAtkj5nS5yp-YDWO-WUNDhFF7_PfC5NlA4_', 0),
(316, 'popeye1709', 'usalove2566@gmail.com', '$2b$12$5RU.XbzhMg5hLz.vNsgtXeaKKEariLLcn6RzfJ3tcIBi0Hm.qzLTO', 0.00, 'user', 1, NULL, '49W-60MzTSvENI6lTxeyNj5ES3340FAuQHRHyIbB', 0),
(317, 'xzolwakeupp', 'essenmaksim@gmail.com', '$2b$12$izSZ69Eb5CiFIl/qBZsLjOD5XENL9jgUIusioJe57.BYLm7Dn87NO', 0.00, 'user', 1, NULL, 'JlJuF3Qhx2Pp9FkGRJhRdFlXOCblieLZHhzbORXz', 0),
(318, 'liushaoqi177@gmail.com', 'liushaoqi177@gmail.com', '$2b$12$hu.D3rfFYpaQPKOU/Uv8DOZ2uujeuI9SmehCmmyzOkCgwGUaVhWiK', 0.00, 'user', 1, NULL, 'i8UwXk-wkP1zAId6BSWWsDtNMg5QQldmzEYRzu-g', 0),
(319, 'Cheeboy', 'tannerdgunnell@gmail.com', '$2b$12$LA6.VLBb7.CczdjdyTV8deveb49UZNiBozlKXkpSAnXbl/teRV2Au', 0.00, 'user', 1, NULL, 'bu4ul0BjARynWDG74aWY-6oYiZO2woJXESJ67Opq', 0),
(320, 'linbiao', '1084974100@qq.com', '$2b$12$dQxth8vrKrlTffBw8kPRnuAA5EjjY0tWtVUZGeDCrtH/UaWaXr1IG', 0.00, 'user', 1, NULL, 'Pg8bbBhGGLpCOQ3Q18Qz8MnLfY55hy7J9Pb9SSEW', 0),
(321, 'Mehmetsunnx', 'justprivatefitzpatrick@gmail.com', '$2b$12$A2OB07fVcWSJVglrbneE9.W.xMYrdq7ibuz9Z/ftL0er5hFWcKwh.', 0.00, 'user', 1, NULL, 'J-GWNV_ltJQuru9YmPgBgguHSUOpoLPKLtHRHY9J', 0),
(322, 'gracebby', 'juliussanyaolu61@gmail.com', '$2b$12$a5bvFiiV.OFOIUPM3Ao.uO6bc1tuOvzgbl9j/twB0rbP7fFfPetEu', 0.00, 'user', 1, NULL, 'oX6pKbgxOaVv9iVP-qh1YzEmczJXIpRlDvoHt6B9', 0),
(323, 'Sohag980', 'sohagarbin2@gmail.com', '$2b$12$zAjL/vcgErGJAczNRohRNuQEfvBMX/zAmPbIkqr9MpJGoqNt8Q9CS', 0.00, 'user', 1, NULL, 'OmvfxS5DbK1fDbxLn3Sz2aOT8adtOTtFKukX3ZNH', 0),
(324, 'marwan_555', 'marwangamal115@gmail.com', '$2b$12$CXuTsqda62a6e6N9B7.GL.UxaZAkA0Fb5nUSo/yoxSuvgelh5yxpy', 0.00, 'user', 1, NULL, '7H4NBKsgWuGAVOjlMRxdR8ipPb9B9F8thzyyK99-', 0),
(325, 'U8hjjj', 'nedalalhelu@gmail.com', '$2b$12$q4qMMqY5gX0nbuTJtjylSOKOBK1pPpoBfXiy2p7HEKO2RiDtNBsFy', 0.00, 'user', 1, NULL, '8kKV0KO27iuo75FFrAjvkiKoNZkEOPGlpTwSRTRc', 0),
(326, 'colombiano1201', 'ignaciokelvi@gmail.com', '$2b$12$IeyNNjWUQS2sSe66kpPpIOsqVsVaf1BEUYeIwEaXyBa9ZeGbCSJBu', 0.00, 'user', 1, NULL, 'm5dN-soPMTU4WpYhzbNGODLtTJJyvP7KK1Ok8220', 0),
(327, 'asiersinmas', 'asiersinmas2004@gmail.com', '$2b$12$iqY0nBmCSDLnGIanytyzeeiKZgdrY1cspJ/yfXoYenVGWKmCxrc3G', 0.00, 'user', 1, NULL, 'mxShqsWk_Vu3Am3qa-M5Zy2_uDKHyb7lLuxD-Loe', 0),
(328, 'mimininani8', 'mimininani8@gmail.com', '$2b$12$EPl/pscArha0ipNVxtR8i.GhfsLnoSqVpxS4EDAPevaK/h33tdATy', 0.00, 'user', 1, NULL, 'qTjau_CGk1EuoFY0oxd9VxgTWRh0r0SGXAsAL-hx', 0),
(329, 'haiderali', 'tayica3048@manupay.com', '$2b$12$4kbrg.L.EkH73D77NDNl4OAmlxoN.1NZ6TFasgjY2bnBN0rCj4nwe', 0.00, 'user', 1, NULL, '_rcy7jff_iRfiDhDDlw6zZQ9fPcFvz0vDYpVRW90', 0),
(330, 'Olami', 'ismailbolaji2012@gmail.com', '$2b$12$OmjjcRIueP/UwTDptCI01.7F0AWOQQ/NFOptNOpmRNkt.syy4JRDO', 0.00, 'user', 1, NULL, 'zT2V7R-JO_X9xJltuPs0fjaNq-Q7LELyaEE4k7A1', 0),
(331, 'Rafa silva', 'koysuarda661@gmail.com', '$2b$12$eZvfOhZh.221i.3k3Z4pcO8SzhWUoGyFkeoa6FgqRZoApbQKe/4LS', 0.00, 'user', 1, NULL, 'Ceci4yv_6zaexapRyroqggn_T8Qr0FTRqtEyxgoq', 0),
(332, 'Delly', 'rukayat.salaty@gmail.com', '$2b$12$mAiGXE3vxbpVxYKhxluzy.f894AI5/tLXeTQamUY5uN0AyX82Lhrq', 0.00, 'user', 1, NULL, 'c0RhB7AV6HeenZz0srrZSQgpjrz149BXazoRmI_s', 0),
(333, 'Zain', 'zainsaltoon475@gmail.com', '$2b$12$mGK7wO4Xgo8g6phk1ZGAlu97qaKm9I8U/yqkbnBLxvXj1ho9j8EzO', 0.00, 'user', 1, NULL, 'I3J2XhMeRP9iT782tSYK0xwtXwd3OTLi7bG7qIaR', 0),
(334, 'Victor', 'hotmailoutlook592@gmail.com', '$2b$12$iFa5oyHVXsZINO1qs0XVIuunzh2iVUrkqPFmVJn6L5PVukAjfwXHq', 0.00, 'user', 1, NULL, 'OfQzUQG2KqQYW-xBJarj3Hw4N9AOYG5LgW6OeChA', 0),
(335, 'lamia', 'lamiaradient@gmail.com', '$2b$12$W1Rhva/PuWAFHQrL3rf8Au7UEVNFUngXcS/9LBdBkWd0dfUMgh6Ve', 0.00, 'user', 1, NULL, '5_cG7SCmrWPkATq4sBrED8163j5tBwTSS5w6QQND', 0),
(336, 'Scott', 'johnson.c.scott01@gmail.com', '$2b$12$M3Tv4mabqWnoqkkjkNxgB.LW8bWx2chu7ERKAVispUqBJ5RmG/qrW', 0.00, 'user', 1, NULL, 'hd5Pg15sWy2hD8YcReP5tpF99otfaMatJNfaBlLY', 0),
(337, 'mirfayz6006', 'smirfayz205@gmail.com', '$2b$12$RM1DA/0D4JTggfTRaEPA4edZrmpasQidBJE0HZsLTHsTpWaIp72IC', 0.00, 'user', 1, NULL, 'mruPvFjn9YWNkyjXaTsqYXHQ2Zd16Im7tqDAK5hv', 0),
(338, 'Mehadi270912', 'luis.fonce2725@gmail.com', '$2b$12$4UBwlNfN2AFz7rwoHXAC0u7ygu/Sh7G5GsJQ37EsuzzqVz.qMPSxW', 0.00, 'user', 1, NULL, 'aBL79X3GdR9qcCGEyY1OIb_Cb7IL-0zVVeRnF4rc', 0),
(339, 'mojtech', 'mojeedx360@gmail.com', '$2b$12$0wU2ckKTlAi6r7iffAKoNOT.ff0qUjUDbyIAg7qlJ8JHVm39pNPzC', 0.00, 'user', 1, NULL, 'VU03Q-SM_BQR5jtzvLrXKwu6cuOpltja9VUQSHXa', 0),
(340, 'Vasa_x', 'kovv342@gmail.com', '$2b$12$YvduN.tpuReVO4ln5kBjhOoncQNBivb5eJlMm3cnUbxJgwxhn8Vwu', 0.00, 'user', 1, NULL, '2vz0UmyPpWdxga3DuoY7-HPHzDsj9V4720wTJys8', 0),
(341, 'joshua', 'joshuamuhoro06@gmail.com', '$2b$12$rEOmPfzl43TQJ/4fKL4W7OMAD1X//F5yLxWsmE6o3pzQEVpeVx7EO', 0.00, 'user', 1, NULL, 'cHPNflBNQS50KaZS1ydqh-uUI2huAuVuBKLseBkS', 0),
(342, 'Jessybills', 'jessybillionsreal1@gmail.com', '$2b$12$R2u5usDO1D7N/VIiB7LuPeLjHNE259t/1rZgkei2pK.Q0de9VnsXm', 0.00, 'user', 1, NULL, 'ehZlyO9aXuqpzanQc8fSGNM15c2zyz1NVHdYHvpx', 0),
(343, 'Zyaatsg', 'zyasjtu@163.com', '$2b$12$IwU.4K5a3OQ0eZGFRGUNeebcr6I7rgoqTeHlIPLU9cV4ogjmdWZ9K', 0.00, 'user', 1, NULL, '9GtGHHLoegtETn16rus4AjMly9qKn7U-YwSuIpug', 0),
(344, 'Blackfacejnr', 'blackfacejnr@gmail.com', '$2b$12$rTASC8NdplDrGmQE5Chfo.0fVOn/mMPvcImWMIHXNpRKlNVIx/Yri', 0.00, 'user', 1, NULL, 'uWAZZxUf5GNl1lNrxJIBIPmEO-HCM07ZQvGCpxLM', 0),
(345, 'NssmExe', 'nssmxxy@gmail.com', '$2b$12$EfD2prDgZuGxKYuA5c2f6.xdLIq8i.QdVdOXiP3LE0qSyyavADk3G', 0.00, 'user', 1, NULL, 'JkLMHvQ79PF1FBYqQjcZa1zzy-Ijf7haGqNK8AfB', 0),
(346, 'PublicGhostVolunteer', 'owaggerluke@gmail.com', '$2b$12$TBCo3aUvYkQ2nRyryh7D2Ongn9crhHAHUlbMK2snIT7syyrVqAtWq', 0.00, 'user', 1, NULL, 'ogc3koXFhHa5Udu0nJy7CujGgazP0j16vRm5c5et', 0),
(347, 'ARIF', 'sumonmi750@gmail.com', '$2b$12$2Udv/8xdCSZm7wJ4lJ8Nt.cdZGh7qeACRl/K6FSoIjG11OoU.Jkn.', 0.00, 'user', 1, NULL, 'Ehw3evYZ8z_V8zzuRVHru1I4kKBvcxet4JLRK1aW', 0),
(348, 'Gotu', 'kekekogarciacs@gmail.com', '$2b$12$DbPxOdZM08z8lOVSP5eKM.a0x9LNEGEcQMyblmfP2NDG7Z5QnxXF6', 0.00, 'user', 1, NULL, 'mCQIlBi9rInhzkS70oMwXfvoXbE8r6bKzaGv2k9b', 0),
(349, 'Bromo', 'godwinayokanmi20@gmail.com', '$2b$12$E1Rz440LenKcXAgj3TQl4O9WnhNBcvsi3Qpmp7TQsgQZ6v8upa7gm', 0.00, 'user', 1, NULL, 'Q89It4tni7f6e0jKtT2K9M07evW0KmYLv6eSLW2t', 0),
(350, 'Ellaxyz', 'ellascott.elsct@gmail.com', '$2b$12$IGDBPL5VmtlntDbRteO19.juvbeV3fpPKcDCpKpJ.Ws/znNF8ALgG', 0.00, 'user', 1, NULL, 'nfJTw9WLKb3NSSpKCXrfkBpw9EocQyPF5Sm7f4xE', 0),
(351, 'lazazafr', 'fnfnfnfnfnfnegus@gmail.com', '$2b$12$MTNpa4zXKtNxNYEtoioon.lzN42Syf9v3Gp25.M.YbXK3NEZIdzBa', 0.00, 'user', 1, NULL, '4ShMhmnSrYKtCE2T7E9cR3nKOceBMfUz8yIKphqU', 0),
(352, 'TT123', 'jdijdjdj501@gmail.com', '$2b$12$OFqgCkBUulkShmsLbdSiXeYC8aoUjGKjZDp/Qty/3jkIW9fN8D2ga', 0.00, 'user', 1, NULL, 'L9MZQw_QLiR6xEKS97jCDxqK8DGGYKqnnyf7MBDk', 0),
(353, 'Mohammed', 'aliddda751@gmail.com', '$2b$12$Pakbd9iiLQPhGGch5ENxnOlWNDt4RzQPzxA.395QsrO3j3IqvmBTy', 0.00, 'user', 1, NULL, 'ZUnQNcFHP2C6LWNaPv6UmDXnn2t_c4jwV61XarZR', 0),
(354, 'kutydkonline', 'kutydkonline@gmail.com', '$2b$12$YMvqNFKZN.2l1q8ySM8erO4AxaFUbOHFyDsCp9sCheeELO0V7kHR6', 0.00, 'user', 1, NULL, 'n8xO1IviATuFEZq_SdhG30UYf465eUDn7_70Sjes', 0),
(355, 'fnews', 'sfnew100@gmail.com', '$2b$12$9VplBbAZpWEuWOvmhI2jC.qe97wygpgh9dX1JZ1oIxo6K6kybbDO.', 0.00, 'user', 1, NULL, 'vtSyiMzEDXZiUEa-eiodvUo3vMPF7wJbHuvnWcvO', 0),
(356, 'elyes_942', 'elyk2k18@outlook.fr', '$2b$12$A1Tr6psrpIlZCXQc5l6/F.NSf7JmH/YjpxamLtOI7uLdv.oO4a5L6', 0.00, 'user', 1, NULL, 'EsEySFk1LX7yzAQaBO-hpcbEyXfR5-YD9zGc_XBk', 0),
(357, 'gawr56', 'ahmedlunar4@gmail.com', '$2b$12$u11GHtI3klclAOSJClVWhuoC1TBXK2DBZeqTa8aEUq5G7EyZZkUD6', 0.00, 'user', 1, NULL, 'z-EeOde2C3qTPr1-swipKbEb_1rQeS5wVaFGbmzv', 0),
(358, 'XRYM8099', 'junhua754@gmail.com', '$2b$12$u2m1zac.NeZISi6moKfS3u191rc1Idefik09eCMDScZTNtbdvdE2a', 0.00, 'user', 1, NULL, 'GBf_3YpdyibBHIet__BELAdsz9F5zDNuWBujvSwk', 0),
(359, 'Promise1', 'emoghene722@gmail.com', '$2b$12$UoUaoMFiQ1wUw16FNxcbl.2Y1xa8LG14rrJ8334bhtsGeYXG5nZn6', 0.00, 'user', 1, NULL, 'b-kb4pe8qQvcDrznx6fUSiX88yyhxb-8e9KV4_Rb', 0),
(360, 'Big Ray0147', 'hairaymond051@gmail.com', '$2b$12$nvdUSTQ6BRbFghCi.5UEJ.9YzdoloWndEUyjBBV.9x6mwgXPSRnVi', 0.00, 'user', 1, NULL, 'lTLLAq_oM2SvzhvmGujd5CCCMtANl7cRlLEEau73', 0),
(361, 'Rakib01', 'rkrakibking007s@gmail.com', '$2b$12$8sG1hv4pmOB4f/xWJ2xKx.6y0lD0JY4E70GxYX7QSFY9rQvNXmpfy', 0.00, 'user', 1, NULL, 'NGqjbShkUguliIPc2depfR5HsCvV_68M6aYCGpyR', 0),
(362, 'alysonme03', 'alysonme03@gmail.com', '$2b$12$3ZWL8fUSikwv1EOTuaEXmOPonkRKT7pQ31/li2uQhRU32dYOR30VC', 0.00, 'user', 1, NULL, 'u5z-T2e2tWpVb8I3q4v84XUGzXgggReyGNBzx0rb', 0),
(363, 'Noblewire', 'berrybur116@gmail.com', '$2b$12$wRTHRyrgVd5nNPeHAHZns.r5M4oj1Igg9Hs7ZveCm/oszUTezXLzi', 0.00, 'user', 1, NULL, 'bMJJnrHHL6jdLDp_nsfkDD6su0ZOO2KHrMIwNi-n', 0),
(364, 'usernafnf', 'breunokuddiva-5160@mai.25u.com', '$2b$12$1OnLwAs59IdqikCTPPzQHO79oDX.GhdKWSoXbx5.j/i397l7xHK9C', 0.00, 'user', 1, NULL, 'GMUV3PYVNGeRfpxJcCDdkLlHjemZFio2cdAfN_Em', 0),
(365, 'eljimo', 'akojepeter81@gmail.com', '$2b$12$vyE9gbFkW3BnyjJuJowiHOBxhCx8r920qy5iSadXvKeQyIXzHkAoy', 0.00, 'user', 1, NULL, 'Acb1H5WiLm6V9lI9dC5C7uMz_E05CWigoCfm6keL', 0),
(366, 'mehadi68858', 'mhsjay2770@gmail.com', '$2b$12$BTpmYBlIIZKF7OP/kKj1Me.cFAmYwScLjweUNGca/qjKxJnEq9wxu', 0.00, 'user', 1, NULL, 'f_WVPiIVOjAElaJnlAWnSU8ASAZEc21bCkW-xvb-', 0),
(367, 'penisss', '19cesya@dollicons.com', '$2b$12$76whFYtpAWb5fdSA5oA8NOQEo80WJokSmhR2P81fGuBdxtXDK2yzm', 0.00, 'user', 1, NULL, '9lX9HS4xdqcX7GKcudtQK2YeJ2lfOR0RrcTGdhgC', 0),
(368, 'Shagor9620', 'shagorsaif8345@gmail.com', '$2b$12$JE72Uv/aINt3ZmY5ereIEe1rTli794tJ58gonOqvGBxNEKnYBSToe', 0.00, 'user', 1, NULL, 'PNQdI7gVLRC1QQ68fCiEqgYftj2FsUyMgn7px34D', 0),
(369, 'moudousafae', 'moudousafae24@gmail.com', '$2b$12$tZGlGAMWrd5J6.urY6JE/uqQ3FIvLXgOfOyAe0ksf4DMgcecV6ySu', 0.00, 'user', 1, NULL, 'T-9ZMol27Aj3w69GuQhYXDR70nshIuyuD3Oz42WZ', 0),
(370, 'Michel ulrich', 'michelulrich90@gmail.com', '$2b$12$1a7dl7zd20hORJkMQR5qV.kI6dQTJ4W/sKX4zGQ/UdY4l7UQtJcv.', 0.00, 'user', 1, NULL, 'FaK4MKRj-a6sOC-VFY4kj10wQYFipe0PAygxkgry', 0),
(371, 'ninoken0103', 'metalmikewe@hotmail.com', '$2b$12$EeZYjnZIIlbZ72UepJAxQuhMuWGuXTMsu9DYRsxPcFJrJMV6y7yM6', 0.00, 'user', 1, NULL, 'BpUQd3-U1Iz1xEc1gczeUmE1MWGc7U_Rlv5Rl5Nf', 0),
(372, 'Emmy', 'tepperkatberg@gmail.com', '$2b$12$8Mm4slD/M0SIkoL/ZszvPOCFD8cnfzrNkMjQFlyKTSqcbTcENuM1C', 0.00, 'user', 1, NULL, 'VvP4QOkAue9ohzK3U6iLH3aMlh_VdXYEezA9z53y', 0),
(373, 'TEELEX', 'wittyangel312@gmail.com', '$2b$12$A87MHdDvuvJEiF5.pNfQkeo0..0GLhiEow3413SPuEMzNTGYsvteC', 0.00, 'user', 1, NULL, '8sduFxrVpIn5p7njRhcN1PD3jARZi-UOwnF0F-bI', 0),
(374, 'Hasanshanto', 'joebaiden134@gmail.com', '$2b$12$7z2nfiFMx/dUEa8gEtOMnO7agL8MwTXWdoA8.a3ZlxA4cWx4lo1dC', 0.00, 'user', 1, NULL, 'm1Pk0M4KiYviuijctgLcQgn9LZWeueYQLa-Fo2Of', 0),
(375, 'Kazan4ik', 'ivascuadrian62@gmail.com', '$2b$12$AY0Pf7vacbgmjFFJCjk2EegQ7fPR5xY0ZkACoVHvCdpaSP1O/BcTy', 0.00, 'user', 1, NULL, 'qFHDg_7ENSf0LUfDNyLmahHmsgQGIahbvHqi-Cmx', 0),
(376, 'Larry029', 'opeyemiakingboye1@gmail.com', '$2b$12$BCaj6FPZcEkEnwn27xIbYOOWQv1HcKX1EjDA8ZMwhSSuSGcRvnF8K', 0.00, 'user', 1, NULL, 'X94ov5V4gVYTSJB2IBXxqCQVg5gvIK7eao31ElQu', 0),
(377, 'lillchrxs', 'coolistic56@gmail.com', '$2b$12$.cjnkx5i0GIFnJ4RSlDWpOHqxbRy2q4qrwCTnqe4m5zpXxEIESjT6', 0.00, 'user', 1, NULL, 'A1_tY7oJIFDifHrsMBcIqmearba3uJBtiMV_UPVl', 0),
(378, 'https://www.diberrysms.com/register', 'nexusdownloader@outlook.de', '$2b$12$B8u7cnfpgYLIj6sX1qYot.AszPtpHy3LfxPUGWOBNWKiDYf3MAK4i', 0.00, 'user', 1, NULL, 'BYp8gRwEbn50V1X5E6jSoEPDHHMC0d-fjmbNFU1S', 0),
(379, 'Samuel ', 'samzzychizzy@gmail.com', '$2b$12$v0QhS0DixRCZTEQUgWK9UOD7UcvW0/HPrI2g4DI7kdGOeshihCYOa', 0.00, 'user', 1, NULL, 'wbLmmes-hmxrpjzduXWC39NBpb6OM13PxkDVhnrk', 0),
(380, 'hafijbai6158', 'hafijbai6158@gmail.com', '$2b$12$counQPSdjVXHjxHfAiIH.eoHazLIG0cbmNC0JpQGClx/TwfGlPgEO', 0.00, 'user', 1, NULL, 'KO89uojGhhydBOLuo_bUpnrN6q-BCY-Z-jaZA4-H', 0),
(381, 'Hamza', 'hamza.sallom966@gmail.com', '$2b$12$u1NJajLRsSZSCyhcY3aiS.SLco5blGyAiStjW.WKKxItbCIhDY58G', 0.00, 'user', 1, NULL, 'SVcrPxxLhYgwX5_YnaA_VCkrxba8IjSJbatHPiVW', 0),
(382, 'Rhantown', 'Rhantown419@gmail.com', '$2b$12$S.YKJlQXHmZD0YMjdDQhCuRNxejkLdCGPsyEnWPdXeSWvYygQd9bO', 0.00, 'user', 1, NULL, 'kDuncGV0qzJXBGgjh5LPQtGDPsQo72-0m9AJHBRh', 0),
(383, 'Adeade99', 'mannyflora9@gmail.com', '$2b$12$pNSykZ864pWC/2pZj9ntK.sORioJiLPrCI6AuKdK8HsEXFYB/4cMW', 0.00, 'user', 1, NULL, 'cEzqKojrxRixlAkExN6oJ4EJ6RLH24wEy91ff2dc', 0),
(384, 'besh', 'beshurd9069@gmail.com', '$2b$12$68cONUDsAnvl3.aqRgO9wuGK27uSdGEbqG8DSGgBQNTRSBGAgZkFq', 0.00, 'user', 1, NULL, 'cB51lhjRGOHpMq0-AYxtmY-PWr6cB3VoXSavxTUJ', 0),
(385, 'xxx', 'xanny954@gmail.com', '$2b$12$CgC6Is7L99FeAIlEAR/0Ee0AeKyIbi0FwGUJhzGmzgZxSW.CJ/CeO', 0.00, 'user', 1, NULL, 'nO3Os0dylG4Vm4_Z3kYsgOhO4j_jdPYpIzwSUThh', 0),
(386, 'Rizbo', 'isholabc@gmail.com', '$2b$12$FXL6TscB8RIawYT0B1xKceqgN95Vs3lZiV4XHfLlMnQgIKndHVJ7S', 0.00, 'user', 1, NULL, 'Hrgi2rABzhzZhPQ5S7yucNj0h9ZoHWej51HO-ufJ', 0),
(387, 'Kelly223', 'hfreeman816@gmail.com', '$2b$12$UeDSJnLIVYi3fg4PSDN9GeUPUVjw2g.4KIH8BCOKeRso.CQ4KmpC2', 0.00, 'user', 1, NULL, 'VuRqGgCr_hBht0AgjPR8LCUcZnMdUfS0uLoSjuEg', 0),
(388, 'aakon001', 'isratkeya004@gmail.com', '$2b$12$Q/EPQDEft5ePO.I0Mqt1aeDCFNT6rRPCT0xHnr2cO7Tx.ZLpro/5O', 0.00, 'user', 1, NULL, 'EXkXTdmC1tiNFCxT_NNAGLN4qjLPV16VFZd9SQ-8', 0),
(389, 'Eazyie101', 'rodyyjones344@gmail.com', '$2b$12$EOtKDcZVtLy.Ucn6eItBpeUA6kO6F20RcY4ir2gwO0oIzbCu.YeKq', 0.00, 'user', 1, NULL, 'FnEGoFu_fxkMWzHfoXU9nODa0SZADy4n3UTBaeGg', 0),
(390, 'altxxx', 'god744222@gmail.com', '$2b$12$ZnMKYjSP/WxIMaLKRh6SI.igl.G57FzFQcyB9t9xl2AoH6r8qW2ia', 0.00, 'user', 1, NULL, 'j3XHcbFdt00_yxEV0B4akLIXw48yMMtDKBU4FC5H', 0),
(391, 'jhonny47', 'jugandolostark@gmail.com', '$2b$12$eEoamNfEDiYKO4Jx5RmheuRTxF4SRWMxw4cUg2E6edQfHEgOTq7Ka', 0.00, 'user', 1, NULL, 'yaTpYmHSuuYeclAgcXzJnQAJtzu5Z6hSePRIvjpD', 0),
(392, 'Teemajor', 'afiniki149@gmail.com', '$2b$12$lFQOCjkq.2Ytlnqjrgir5.wyq3r6/WDS.9b2ltaruMLnUHZ63RE0a', 0.00, 'user', 1, NULL, 'vIwgZLsl7AyNGIAONMdhOXBUN1_i8s2vM2j3N8uD', 0),
(393, 'Renhoa', 'nessvicti@gmail.com', '$2b$12$Wh4tehuwOQkAzXj09T32o.nleuGFA03fa0/RfnOdIXTq/KbxSkTMK', 0.00, 'user', 1, NULL, 'nf7njRc8dS9qeUnLl4unO1yAvRInu4suZpeZ8SQK', 0),
(394, 'Caleb777x', 'ck501800@gmail.com', '$2b$12$uXo2tBZyOSr7HQEEEdwKY.gO/xIyrf94MNemFH72zSWfjy3o7rgYK', 0.00, 'user', 1, NULL, 'efXBdYbKyxUYfrWv4hCs5nDUxjJV9FKoNfgN_Tn2', 0),
(395, 'prsicyw@gmail.com', 'prsicyw@gmail.com', '$2b$12$vp/UO4ZzrxEjLdBqk789UuYSicPhqZ3FnHfeDs2c3bcTTVjpOsoay', 0.00, 'user', 1, NULL, 'SUmmYZSY7x9HPpqTLEgO7O3mefRCBZ3Wmnrnxkbj', 0),
(396, 'Theodorenoah765', 'theodorenoah7654321@gmail.com', '$2b$12$NX7q2t7eEXgXcuVi/UT4BuSmq1qHTOUioZ8lQKCQczj9XXh5P6ggC', 0.00, 'user', 1, NULL, 'vmpG-8R2l0y7o68j6UG-2n8Xnu8xePtuvUpug9-q', 0),
(397, 'kshs102030', 'kshs102030@gmail.com', '$2b$12$P9pMbeyrkvM/74sfjfCIZudRiQU./HztkNH6Rd9tlfrp7upqlpP/W', 0.00, 'user', 1, NULL, 'mTk4XvzqZN_KDXH_usGDgRCgbZ09pGdGVHCll8Yu', 0),
(398, 'sam3600', 'afful3600@gmail.com', '$2b$12$wUy0HyK7AcxrhZ2Kw974xuiOo.JPEzOcfQDE0zZENWxJ6KwTWyOFW', 0.00, 'user', 1, NULL, 'y_RdTBgo_g_pnTqkl7P6JahxkpOQWZmqF3q42QHG', 0),
(399, 'ashtribaq', 'ashtribaq@gmail.com', '$2b$12$YzXkAMUIltTCpHH0NiQcUeyaF4YjHhcYeiEC.CV7nt1Lb5mskHa4u', 0.00, 'user', 1, NULL, 'tfY0sDkL7V-ADttBT4RaIbR9P1iGeBSpjlkqIqF7', 0),
(400, 'Kaa', 'ajamaj80@gmail.com', '$2b$12$fa5O.ruzaeW.K6Ok9CmB0uVY.czz53mxtIM4p.6fiDb6K5cpOm2F.', 0.00, 'user', 1, NULL, 'tqxuFiXYAusUwhXWVIItFSCQJn7Hn9eU-qUkgNrZ', 0),
(401, 'kakashi', 'thinhkakashi@gmail.com', '$2b$12$XVCNLqMJ1cCB57f51K41ve0bhRouYJDsBqw.lq8NArM6jdF5mynVm', 0.00, 'user', 1, NULL, 'STXUIIdE4txdhKn2MZ1IKHZFCCRGMPRoXZ_uKq2e', 0),
(402, 'josephoyeshide@gmail.com', 'josephoyeshide@gmail.com', '$2b$12$S7wi81leOBKsXfLW2ScbS.n0lTw2IYw5smK70UPkeNwbDaQAQvuyG', 0.00, 'user', 1, NULL, 'mWHFxv6ak1D2QxR5tSqypUSCTMvBKKJb2NxE4pkn', 0),
(403, 'cashvinosa', 'cashvinosa@gmail.com', '$2b$12$nXfBcHHibIDLvifGBO0wfeKS9yqQAEcTxf9uDupETfNYzUl8IcY4C', 0.00, 'user', 1, NULL, 'D6ki-MM4RzYOTpXQTSSNIkNw_TsTBDv6_Xlz4B0g', 0),
(404, 'Jnr1590', 'jnrmichael85@gmail.com', '$2b$12$zPA3K21B/Suq0qHYPWRlkupjJNjo1l.UY551MkNwLSAYBh4KPyccG', 0.00, 'user', 1, NULL, 'RNpTUfYSJP6EszKu4Y9fXTFisPvbWWJT1b0sTrkZ', 0),
(405, 'Joshkhan', 'joshkhan665@gmail.com', '$2b$12$hHRKs3uh8LlTQFRsBbL.8.LXA4hKSdP1gkbLlllB/eU9fTF5qw4Lu', 0.00, 'user', 1, NULL, 'qI6zyXMfcf9XRkf3SavQLkPl0sOg5D14B6CxPAl7', 0),
(406, 'Victor Everest ', 'victoreverest10@gmail.com', '$2b$12$0qk/LqNFLMo4JeKV0m1teeBIpBpeiNTUKsn6rkgsg/lCYbIOMWMVe', 0.00, 'user', 1, NULL, 'CXnEX9cFsFwGtLFe1iHk1hr4NjSRWnDhuXewLjOr', 0),
(407, 'Kiro', 'kiro4ever99@gmail.com', '$2b$12$9FgxQmJS35n57TO/WnXrUeU5i7hTEFXiPE6.A/76yFvShDSNqnDeC', 0.00, 'user', 1, NULL, '6VWo-Wk6xPSiTOoFUoBgIB6dSpCiYCYtjPaSDoi4', 0),
(408, 'Xtbwow', 'mento34@gmail.com', '$2b$12$qjLHw2Nh4Gk.xZSGtgY6que5zg7DBKnymmWfnDHef/HnPWbTYEeVW', 0.00, 'user', 1, NULL, 'riC2jyBT-pNb3jNb37KanufGzRt284LQJdoW7JKS', 0),
(409, 'adeyemiisrael', 'missionandvision8@gmail.com', '$2b$12$ZdUq0JdMW6G/H09Zo/EHSOd3hRrVINjJNR.s7QqdqY9J83sPL.H9S', 0.00, 'user', 1, NULL, 'PQ0fBSHJeNRpuBmf4t7VR62uejE9_jGCOp-1wjrf', 0);

-- --------------------------------------------------------

--
-- Table structure for table `user_tokens`
--

CREATE TABLE `user_tokens` (
  `id` int NOT NULL,
  `token` varchar(255) CHARACTER SET utf8mb4 COLLATE utf8mb4_unicode_ci NOT NULL,
  `expiry` datetime NOT NULL,
  `user_id` int NOT NULL
) ENGINE=InnoDB DEFAULT CHARSET=utf8mb4 COLLATE=utf8mb4_unicode_ci;

--
-- Indexes for dumped tables
--

--
-- Indexes for table `active_sessions`
--
ALTER TABLE `active_sessions`
  ADD PRIMARY KEY (`id`);

--
-- Indexes for table `admin`
--
ALTER TABLE `admin`
  ADD PRIMARY KEY (`id`);

--
-- Indexes for table `admin_tokens`
--
ALTER TABLE `admin_tokens`
  ADD PRIMARY KEY (`id`);

--
-- Indexes for table `history`
--
ALTER TABLE `history`
  ADD PRIMARY KEY (`id`),
  ADD UNIQUE KEY `id` (`id`);

--
-- Indexes for table `site_settings`
--
ALTER TABLE `site_settings`
  ADD PRIMARY KEY (`id`);

--
-- Indexes for table `transactions`
--
ALTER TABLE `transactions`
  ADD PRIMARY KEY (`transaction_id`);

--
-- Indexes for table `users`
--
ALTER TABLE `users`
  ADD PRIMARY KEY (`user_id`);

--
-- Indexes for table `user_tokens`
--
ALTER TABLE `user_tokens`
  ADD PRIMARY KEY (`id`);

--
-- AUTO_INCREMENT for dumped tables
--

--
-- AUTO_INCREMENT for table `active_sessions`
--
ALTER TABLE `active_sessions`
  MODIFY `id` int NOT NULL AUTO_INCREMENT, AUTO_INCREMENT=701;

--
-- AUTO_INCREMENT for table `admin`
--
ALTER TABLE `admin`
  MODIFY `id` int NOT NULL AUTO_INCREMENT, AUTO_INCREMENT=3;

--
-- AUTO_INCREMENT for table `admin_tokens`
--
ALTER TABLE `admin_tokens`
  MODIFY `id` int NOT NULL AUTO_INCREMENT, AUTO_INCREMENT=2;

--
-- AUTO_INCREMENT for table `history`
--
ALTER TABLE `history`
  MODIFY `id` int NOT NULL AUTO_INCREMENT, AUTO_INCREMENT=6;

--
-- AUTO_INCREMENT for table `site_settings`
--
ALTER TABLE `site_settings`
  MODIFY `id` int NOT NULL AUTO_INCREMENT, AUTO_INCREMENT=2;

--
-- AUTO_INCREMENT for table `users`
--
ALTER TABLE `users`
  MODIFY `user_id` int NOT NULL AUTO_INCREMENT, AUTO_INCREMENT=410;

--
-- AUTO_INCREMENT for table `user_tokens`
--
ALTER TABLE `user_tokens`
  MODIFY `id` int NOT NULL AUTO_INCREMENT;
COMMIT;

/*!40101 SET CHARACTER_SET_CLIENT=@OLD_CHARACTER_SET_CLIENT */;
/*!40101 SET CHARACTER_SET_RESULTS=@OLD_CHARACTER_SET_RESULTS */;
/*!40101 SET COLLATION_CONNECTION=@OLD_COLLATION_CONNECTION */;
